Sensor_001,Sensor_002,Sensor_003,Sensor_004,Sensor_005,Sensor_006,Sensor_007,Sensor_008,Sensor_009,Sensor_010,Sensor_011,Sensor_012,Sensor_013,Sensor_014,Sensor_015,Sensor_016,Sensor_017,Sensor_018,Sensor_019,Sensor_020,Sensor_021,Sensor_022,Sensor_023,Sensor_024,Sensor_025,Sensor_026,Sensor_027,Sensor_028,Sensor_029,Sensor_030,Sensor_031,Sensor_032,Sensor_033,Sensor_034,Sensor_035,Sensor_036,Sensor_037,Sensor_038,Sensor_039,Sensor_040,Sensor_041,Sensor_042,Sensor_043,Sensor_044,Sensor_045,Sensor_046,Sensor_047,Sensor_048,Sensor_049,Sensor_050,Sensor_051,Sensor_052,Sensor_053,Sensor_054,Sensor_055,Sensor_056,Sensor_057,Sensor_058,Sensor_059,Sensor_060,Sensor_061,Sensor_062,Sensor_063,Sensor_064,Sensor_065,Sensor_066,Sensor_067,Sensor_068,Sensor_069,Sensor_070,Sensor_071,Sensor_072,Sensor_073,Sensor_074,Sensor_075,Sensor_076,Sensor_077,Sensor_078,Sensor_079,Sensor_080,Sensor_081,Sensor_082,Sensor_083,Sensor_084,Sensor_085,Sensor_086,Sensor_087,Sensor_088,Sensor_089,Sensor_090,Sensor_091,Sensor_092,Sensor_093,Sensor_094,Sensor_095,Sensor_096,Sensor_097,Sensor_098,Sensor_099,Sensor_100,Sensor_101,Sensor_102,Sensor_103,Sensor_104,Sensor_105,Sensor_106,Sensor_107,Sensor_108,Sensor_109,Sensor_110,Sensor_111,Sensor_112,Sensor_113,Sensor_114,Sensor_115,Sensor_116,Sensor_117,Sensor_118,Sensor_119,Sensor_120,Sensor_121,Sensor_122,Sensor_123,Sensor_124,Sensor_125,Sensor_126,Sensor_127,Sensor_128,Sensor_129,Sensor_130,Sensor_131,Sensor_132,Sensor_133,Sensor_134,Sensor_135,Sensor_136,Sensor_137,Sensor_138,Sensor_139,Sensor_140,Sensor_141,Sensor_142,Sensor_143,Sensor_144,Sensor_145,Sensor_146,Sensor_147,Sensor_148,Sensor_149,Sensor_150,Sensor_151,Sensor_152,Sensor_153,Sensor_154,Sensor_155,Sensor_156,Sensor_157,Sensor_158,Sensor_159,Sensor_160,Sensor_161,Sensor_162,Sensor_163,Sensor_164,Sensor_165,Sensor_166,Sensor_167,Sensor_168,Sensor_169,Sensor_170
323980,na,na,na,na,na,0,0,35506,1229678,7209146,7342146,3220520,373694,50600,188,6828972,0,0,na,936270,1423368,16710756,16475420,3704202,860526,na,0,0,0,na,na,0,0,0,0,11618,175416,607102,8814354,9852988,0,40266,17806,28398,55982,16413862,2905160,4,0,0,0,3646380,4438450,4635692,2676116,1383500,802308,540062,549100,412828,377042,21355298,na,na,na,na,6828972,168898,2015198,1681138,na,na,na,na,na,na,na,na,na,323979.61,na,na,na,107381,na,na,na,na,na,na,na,na,na,15780692.16,0,3672108.48,na,na,0,181544,2357676,5414582,6477718,3989956,954708,79360,5794,140,na,na,na,na,14584,4778,1177962,1034920,1896616,14597422,721288,13908,0,0,502,1800,12764940,8333216,330,6640,0,0,14453966,na,na,na,na,na,na,na,na,na,na,na,na,na,na,na,na,na,na,na,na,na,na,na,na,na,na,3763126,1872962,933516,502650,1035360,1120162,9566368,590640,76620,74,na,na
8,0,2,2,8,6,0,0,0,0,2840,1216,1590,0,0,0,1496,0,0,0,1032,2234,3596,3108,19280,244,0,0,0,0,6,16,0,0,0,0,0,0,0,832,4814,0,1168,14,36,36,38,940,1296,1490,628,0,4556,132,88,228,66,40,84,346,22,84,23938,4,12,8,0,1496,106,17372,1896,na,na,na,na,na,na,na,na,19140,8.91,23938,23938,31172,24,98,2316,23740,5670,1209600,214,2,10,0,1574.4,0,2976.96,0,10,0,0,2648,376,1720,356,546,0,0,0,2,12,23938,0,1166,10,18,2,758,278,3062,324,28,0,2,28,1304,168,0,0,0,0,2092,36,52,0,0,0,0,0,0,0,0,152,0,0,144,138,26,6,300,186,10718,4,0,0,0,80.46,32,4272,1152,66,10,10,34,52,50,0,0,0,0
49094,na,2130706460,702,0,0,0,0,0,0,4740,1431090,1633192,444910,30804,636,1528230,0,0,0,0,0,3217642,2749806,1013340,383416,0,0,0,0,340,530,0,0,0,0,0,0,2212582,741116,591674,0,3250,1798,2734,3950,42600,3490720,320,0,0,0,1512904,960322,347150,244712,175980,156694,147610,0,0,0,4231558,0,236,238,20,1528230,42956,607966,403140,262800,231820,389160,na,na,na,na,na,122240,49093.48,4231558,4231558,4196028,15618,1046,54130,594580,3545372,1209600,79248,2,122,0,2724238.08,0,817322.88,30,858,0,0,0,422362,1860426,899050,324188,35872,3396,78,16,22,4231558,na,6124,788,32332,537786,216448,1139478,1593880,18424,110,2,726,792,2591030,74936,0,42164,0,20,2778146,4236,874,0,0,0,0,0,0,0,0,23854,75628,22966,0,0,67716,11984,5158640,533782,0,0,0,0,9093550,1795.32,1926,860860,495762,247378,134898,424818,599748,623522,153276,5110,0,0,0
58600,na,190,152,0,0,0,0,0,0,2296,393078,2330996,792230,53432,1326,1616632,0,0,0,0,0,3213780,2758970,568512,366330,0,0,0,0,830,262,0,0,0,0,0,275614,2138722,1070406,88616,0,4486,2816,3116,64300,2802610,696002,28,0,0,0,1393868,628926,284778,214980,180600,169960,251046,449200,0,0,3783420,988,1594,884,2,1616632,50348,301872,265240,173600,157780,202780,na,na,na,na,na,24920,58599.89,3783420,3783420,3783814,26508,26178,9264,143680,3573358,1209600,117942,0,194,0,3166389.12,0,403642.56,0,0,0,0,0,26936,839540,1928860,737406,33484,6630,502,5988,6124,3783420,na,7156,944,84374,155910,216522,2366084,721160,21070,138,0,342,640,2807798,300174,110,16658,0,0,3181744,3262,210,0,0,0,0,0,0,0,0,26756,61166,10254,0,0,101272,25154,588580,185570,0,0,0,0,0,1873.38,2200,431690,629914,439608,194654,376326,292430,297910,368836,531244,10746,0,0
28722,na,2130706436,2670,0,0,0,0,0,0,102774,2310246,1749888,247220,1526,0,1845338,6210,0,0,0,0,3580350,2300096,1506256,857172,0,0,10770,0,16028,1090,0,0,0,0,0,0,582620,3829030,4,0,11192,1134,1954,3682,13702,4053192,326796,2,0,0,1821612,1031782,378626,281586,222366,183762,196976,288692,6252,0,5091238,0,26,154,20,1845338,80730,620210,878988,368440,346100,330920,359100,na,na,na,na,65980,28722.61,5091238,5091238,4959752,24082,1176,114526,214400,4411654,1209600,203174,2,370,0,3626145.6,0,770434.56,0,3252,0,0,0,99398,1228402,2141254,805086,104226,30674,2614,154,160,5091238,na,25174,4398,167930,559728,249430,2320716,1054232,29866,180,0,4158,2412,3113098,46470,0,94260,0,42,3723150,13530,1696,0,0,0,0,0,0,0,0,66574,15630,2618,0,0,94054,12682,22563900,2268690,0,0,0,0,0,8043.4,9064,823686,2717466,618720,187700,59760,3958,338,12,14,0,0,0
332480,na,0,na,0,0,0,0,0,0,188274,5145526,12628708,2994102,26024,0,10309512,0,0,0,834,2196,18832598,16718682,3617594,1613674,0,0,0,0,0,0,0,0,0,0,0,432532,7822242,11865992,861868,0,22910,16696,40818,65350,9745494,11086980,4342,36,6,2,8803080,2773614,1429606,1172208,1076884,1211412,1907630,2073822,506560,27818,22456534,354,948,3978,2726,10309512,231770,1884538,1713064,133760,148420,175420,164180,158040,207160,160100,191860,63780,332480.02,22456534,22456534,22081392,147044,2408708,27988,622320,20982634,1209600,0,na,na,na,18336432,0,2614606.08,0,0,0,0,20656,989326,8648878,9531698,1627822,137608,25542,1104,na,0,22456534,na,23194,4530,845768,1540270,3584012,14388176,590510,6174,0,0,na,na,na,na,na,na,na,na,na,16974,890,0,0,0,0,0,0,0,0,140146,369398,63898,0,0,696452,118754,28596000,5503614,0,0,0,0,17065340,9279.4,12096,2748402,3842188,2673030,1279486,2536186,2063758,1767294,1243128,2569812,259350,0,0
33714,na,192,160,0,0,0,0,0,0,12544,705766,1167238,309058,12964,386,987652,0,0,0,0,0,2012994,1761152,332536,203576,0,0,0,0,324,238,0,0,0,0,0,53926,954254,701492,498284,0,1478,756,1698,101728,1599158,503084,54,0,0,0,716848,554026,226560,162364,129666,122618,174080,121792,2,0,2346026,178,286,978,0,987652,27788,184608,146454,175900,na,na,na,na,na,na,na,152020,33714.27,2346026,2346026,2349454,14679,19216,110690,1131060,2207956,1209600,65910,0,94,0,1941658.56,0,264717.12,0,0,0,0,2300,264820,823126,903578,202444,9892,1776,20,24,40,2346026,na,3052,408,23864,120410,80084,1178944,777786,23228,180,0,254,716,1539132,63872,0,8316,0,72,1955890,1376,142,0,0,0,0,0,0,0,0,14566,35970,6414,0,0,81328,12216,869260,186932,0,0,0,0,32714250,768.46,904,281272,385650,311728,162900,332656,326952,206694,106572,92472,1060,0,0
1176508,na,790,54,0,0,0,0,0,0,105174,1200464,782708,337066,50692,0,39516122,0,0,0,2540336,3548294,75579782,65643698,19122730,11407618,0,0,0,0,8554,314,0,0,0,0,0,0,0,90102,2386002,0,14752,7670,8234,4412,715568,1725468,0,0,0,0,855620,695980,301606,197312,124268,105288,113588,82422,20,0,97248048,6532,10852,1050,14,39516122,1363414,6838676,12252494,262840,280900,243700,239560,245740,249660,219140,196760,76440,1176508.72,97248048,97248048,2527950,17069,11322,105192,398680,2476104,1209600,804236,0,50,0,66531252.48,20749303.68,8107800,0,0,0,0,506,219098,1107934,1103764,38236,5444,1112,10,22,92,97248048,na,1210,312,253038,560144,1523982,137294,124,0,0,0,42,4,1669988,105046,0,0,0,0,1749126,28902,1794,0,0,7020,6669032,0,0,0,0,770562,308110,55262,82034034,11553768,1065636,157346,1398720,168578,28902848,124334,0,0,51968620,420.08,544,756086,361620,253562,108010,276924,280678,280584,154444,4196,0,0,0
121870,na,0,na,0,0,0,0,0,0,150604,4024450,6166738,2479596,258610,5168,6865558,0,0,0,994,1424,11002504,8997204,3729744,1598254,0,0,34130,0,0,0,0,0,0,0,0,0,792910,12290938,1318,0,32186,14898,17820,366090,10057366,2596772,34,0,0,0,5400104,1529186,627086,485606,490764,607972,867584,1866952,1119404,90508,14737308,0,1114,1128,1262,6865558,249888,1899924,1820058,375820,356880,354120,320700,265740,304520,312920,279280,37360,121869.46,14737308,14737308,14466582,102696,2104306,114006,178560,13086068,1209600,0,na,na,na,9297646.08,0,3766823.04,na,na,0,0,3280,492918,4635274,5430906,2130172,343468,47578,1570,na,2988,14737308,na,21266,3692,2876394,1136450,1712370,7012430,318872,3692,0,0,na,na,na,na,na,na,na,na,na,21108,762,0,0,0,0,0,0,0,0,180744,98066,17428,0,0,407486,67140,11932060,5001138,0,0,0,0,43896830,na,na,3858698,4392426,1521818,512668,812266,511176,369254,292344,766934,47582,0,0
1668,na,10,10,0,0,0,0,0,0,218,82,82432,37652,114,0,49976,0,0,0,0,0,110110,93872,27048,9832,0,0,0,0,10,8,0,0,0,0,0,0,45652,74844,2,0,228,140,166,302,21710,95960,1992,0,0,0,69322,39898,7718,2400,464,252,298,146,0,0,137208,2,4,188,0,49976,1644,13326,13428,na,na,na,na,na,na,na,na,26240,1668.4,137208,137208,141366,348,0,13212,136500,120498,1209600,3440,2,4,0,92222.4,0,28061.76,0,0,0,0,0,0,44436,66960,8000,886,216,0,26,30,137208,na,440,58,764,9556,2828,26822,76070,3848,112,0,40,54,93962,48470,0,50,0,18,94028,208,516,0,0,0,0,0,0,0,0,984,406,82,0,0,2188,514,399540,40008,0,0,0,0,668470,135.4,148,29940,15968,8598,3036,7220,51988,2278,284,540,646,0,0
1846,0,2130706434,46,0,0,0,0,0,0,0,0,0,0,0,0,58972,0,0,0,478,776,139876,116890,37298,15022,0,0,0,0,18,64,0,0,0,0,0,0,0,0,0,0,0,0,0,0,0,0,0,0,0,0,0,0,0,0,0,0,0,0,0,0,177794,18,46,0,0,58972,1596,13386,23686,na,na,na,na,na,na,na,na,36240,1845.69,177794,177794,220,0,16,17128,176860,159568,1209600,4174,2,8,0,98044.8,17395.2,42856.32,0,0,0,0,0,0,0,0,0,0,0,0,0,4,177794,0,0,0,0,0,0,0,0,0,0,0,42,108,103036,2752,0,18,0,0,103160,324,58,0,0,30,17402,0,0,0,0,1296,874,362,255552,32324,3006,546,368980,37020,19182,1476,0,0,845700,0,0,0,0,0,0,0,0,0,0,0,0,0,0
41324,na,618,506,0,0,0,0,0,0,1160,905774,1348334,107712,4976,26,1146922,0,0,0,0,0,2115118,1853980,496948,194612,0,0,0,0,248,94,0,0,0,0,0,67796,987520,867858,444808,0,1846,664,914,16782,1342328,1005424,24,0,0,0,798496,639556,218938,155570,117448,91398,95900,248728,1948,0,2612652,1002,424,2922,18,1146922,32782,297048,197132,210940,250240,na,na,na,na,na,na,30260,41324.11,2612652,2612652,2601588,15012,8360,15026,187140,2367982,1209600,57674,0,72,0,2129565.12,0,236730.24,0,0,0,0,0,250516,1348712,693634,67584,6650,886,0,142,150,2612652,na,3780,448,42634,103352,106104,1599222,500624,11736,82,0,1410,204,1955228,378322,14,11906,0,0,2148020,1342,134,0,0,0,0,0,0,0,0,17110,34726,7096,0,0,82236,12940,299180,53984,0,0,0,0,1317360,998.82,1102,254440,293974,218270,124662,324690,357598,344462,231016,216114,2756,0,0
1832,na,204,190,0,0,0,0,0,0,140,84822,27694,0,0,0,49510,0,0,0,0,0,105698,96716,13834,6286,0,0,0,0,222,60,0,0,0,0,0,9824,83786,4372,14674,0,158,24,52,72,1426,110800,124,0,0,0,40350,52866,13470,5160,680,90,34,6,0,0,119548,6,20,184,0,49510,1136,6868,6930,na,na,na,na,na,na,na,na,13540,1832.8,119548,119548,123866,383,94,11746,119260,112656,1209600,2828,0,4,0,101025.6,0,11522.88,0,0,0,0,0,62876,46296,2928,416,140,0,0,0,4,119548,na,194,34,138,6860,2214,36484,63840,2810,82,0,322,146,101572,12844,0,22,0,54,102220,96,44,0,0,0,0,0,0,0,0,586,502,162,0,0,3388,1034,2620,588,14070,28,0,0,832820,125.88,66,12580,14030,8836,9036,28942,32388,6176,586,82,0,0,0
39632,na,260,206,0,0,0,0,0,0,22554,466390,1345038,694146,26098,0,1265030,0,246,0,0,0,2326556,2020238,513362,240942,0,0,0,0,424,234,0,0,0,0,0,36704,1832458,589484,95580,0,4962,2864,3190,3606,39222,2499242,1140,0,0,0,930686,469876,173128,150094,223272,434572,172598,0,0,0,2840890,0,224,68,0,1265030,38398,261442,250536,192180,246680,na,na,na,na,na,na,66140,39632.8,2840890,2840890,2834998,17647,21432,36462,412880,2554226,1209600,78274,0,132,0,2175990.72,0,372993.6,20,270,0,0,576,67332,440892,1151540,810608,71882,10042,1354,40,44,2840890,na,7974,864,64304,235394,229372,1432474,570438,13298,108,0,418,530,1189676,99440,0,320,0,0,2196558,2982,544,0,0,0,0,0,0,0,0,21854,29266,5040,0,0,93432,14260,909880,316496,0,0,0,0,0,1554.32,1960,393600,572650,301350,112686,188228,135388,129864,125208,513654,81598,0,0
288924,na,692,68,0,0,0,0,0,504506,4638672,6134774,4415234,932090,28534,266,8930536,30544,0,0,282500,398714,14343314,12763098,4239110,1482688,2,0,0,0,1740,842,0,0,0,0,0,628694,883074,4258788,10883520,0,16312,15820,151168,5350568,4927554,6192654,0,0,0,0,4247758,4898250,3362288,1524588,694866,456026,376784,414348,302648,376520,18868022,2822,1962,5460,4,8930536,268462,2511822,1721328,179700,166780,138140,180420,341500,375400,276020,240080,97000,288923.52,18868022,18868022,18548034,83820,65822,47382,692580,16654076,1209600,450602,0,128,0,14441813.76,0,2196429.12,na,na,0,104594,2629250,6079478,4959686,2483742,340258,49010,7998,60,502,11152,18868022,na,14772,2668,366236,1593488,714766,10425176,3491222,45720,28,0,68,208,2376798,266866,0,10,0,0,2396094,15034,3586,0,0,0,0,0,0,0,0,130372,42300,12928,18406702,6691078,465670,91658,173240,118844,4365364,43016,0,0,287923220,na,na,2321280,2259142,1222928,504202,1157858,796284,820992,7247896,323494,0,0,0
34500,na,256,246,0,0,0,0,0,0,1722,792840,1201036,296984,16698,648,1058280,0,0,0,0,0,2068374,1790048,418948,218596,0,0,3588,0,1200,248,0,0,0,0,0,0,1613954,415094,280880,0,3458,3772,4784,19890,1275468,1000970,1586,0,0,0,656640,652454,183476,140776,117688,108758,180910,268954,272,0,2487984,16,518,104,54,1058280,28422,249092,169004,194160,199300,na,na,na,na,na,na,19680,34500.12,2487984,2487984,2475812,16131,1308,2614,62600,2309928,1209600,49586,0,80,0,1997320.32,0,310377.6,0,0,0,0,0,127876,1002712,977892,185494,13518,2218,218,176,180,2487984,na,4158,624,33874,121228,127980,1201578,802172,18228,86,0,336,830,1797286,23138,0,3918,0,28,2025494,1714,308,0,0,0,0,0,0,0,0,16102,16786,4500,0,0,69582,10184,309040,60716,150944,4316,0,0,4500170,1179.3,1422,327088,397778,272076,149742,476814,361650,179322,86720,58724,14,0,0
40242,na,282,280,0,0,0,0,0,0,236,193446,2123416,414272,20506,392,1180760,0,0,0,0,0,2450034,2075674,482670,289822,0,0,0,0,206,96,0,0,0,0,0,156886,2239954,57070,298358,0,3176,3662,4902,211938,1955494,573036,60,0,0,0,1070292,543550,207122,176044,167582,171474,290510,125694,0,0,2933380,24,170,78,2,1180760,31136,240364,239886,191360,208680,na,na,na,na,na,na,75640,40241.44,2933380,2933380,2917550,17637,310,45746,506680,2752268,1209600,89264,2,92,0,2503517.76,33615.36,212843.52,0,0,0,0,0,742,867550,1570666,287590,20598,4842,280,2,6,2933380,na,4926,872,70994,194466,416070,1659714,396210,8918,98,0,436,294,182440,26358,0,159472,0,16,2516888,2798,64,0,0,40,33676,0,0,0,0,19262,114994,19526,0,0,54818,6636,33516320,3544754,0,0,0,0,241480,1377.08,1600,274618,563400,408006,257310,693152,368430,143792,43560,0,0,0,0
201724,na,462,384,0,0,0,0,0,0,5694,1888608,5714710,754026,9490,0,6364788,0,0,0,0,0,11309498,10458274,1098784,697952,0,0,0,0,1024,218,0,0,0,0,0,198880,4745118,2899382,529148,0,4144,1072,1984,25532,5587820,2750104,1868,4,0,0,2656806,1849034,1031348,1018168,1161270,628730,27172,0,0,0,12410246,0,30,402,18,6364788,139846,566514,529694,108780,107840,119680,100640,109760,108200,99000,97600,24600,201723.75,12410246,12410246,8554992,37825,106380,20496,291800,8372528,1209600,350486,0,278,0,10986116.16,0,1190536.32,0,0,0,0,0,437238,3378426,3641706,794434,88978,29060,2686,732,744,12410246,na,11152,1736,18738,662850,363158,4738630,2552610,23652,2,0,650,646,10596334,27392,0,118066,0,0,11074620,8050,396,0,0,0,0,0,0,0,0,63018,175082,32902,0,0,384058,76288,529260,175068,0,0,0,0,261070,2663.22,3202,824548,1536422,1122750,517650,987368,754350,708784,568980,1268940,82736,0,0
414938,na,1796,na,0,0,214,121246,1244248,3682160,8029132,7251422,1726178,35948,1394,0,8805004,5952,0,0,1970098,2776148,17289268,17221570,3783450,1505478,0,0,0,0,6108,2326,0,0,0,0,0,0,25768,5664520,16401654,0,36912,29490,37328,85276,833290,21069642,4,0,0,0,2346064,7299340,3581276,2514524,1669396,1076754,765408,912758,1131384,795038,23045768,86,42,420,4356,8805004,231976,1653522,2118868,194400,175140,192140,180540,191060,157420,186960,184680,21900,414937.12,23045768,23045768,23040870,194852,24378,30780,36420,22091942,1209600,0,na,na,na,19465766.4,0,2613720,na,na,194980,1598260,4634262,7751024,5985840,1789998,109652,23054,4728,144,na,0,23045768,na,15832,3652,1583854,3347252,15040396,2097380,3576,0,0,0,na,na,na,na,na,na,na,na,na,13146,4510,0,0,0,0,0,0,0,0,140184,229950,54748,45566010,5436858,808594,105296,31030580,3321828,14337702,373938,0,0,0,na,na,2046398,2252960,1349234,724556,1695970,1883930,4515620,7261144,362130,0,0,0
219892,0,2106,na,0,0,0,20258,747532,3956044,6343114,4053854,815020,97520,4698,0,6436364,0,194,0,1708402,2306132,12229218,12317232,3393632,1076490,10,0,0,0,13706,3888,0,0,0,0,0,0,0,5797796,10240244,0,75874,45012,44886,65264,179762,10710508,1955204,2961530,0,0,6251858,2582510,2250250,1336306,852926,543918,411574,384092,197736,1226870,17336720,7376,10426,8924,0,6436364,195276,1346776,2040836,360500,271120,240380,175720,190660,229680,226080,220580,109920,219892.19,17336720,17336720,17081204,90200,178282,11268,362820,16069356,1209600,0,na,na,na,12246457.92,0,3800420.16,2750,7490,210188,1080562,2196898,2014468,2699266,2340142,2414318,2157090,823706,101402,na,0,17336720,0,32922,3458,1451514,2271812,881768,5603082,5726698,66424,360,2,na,na,na,na,na,na,na,na,na,22780,548,0,0,0,0,0,0,0,0,138622,56060,18032,0,0,526492,80294,15255860,2190986,0,0,0,0,78620010,na,8946,3911920,2542304,1177280,482752,1406722,3212448,1736918,1507752,59912,32,0,0
40266,na,318,282,0,0,0,0,0,111550,1150590,1040036,92182,3832,0,0,1058172,0,78,0,60330,84570,2090272,1903122,449170,193832,0,0,0,0,340,1486,0,0,0,0,0,0,27712,1547170,823308,0,1158,578,922,1210,15064,2379258,0,0,0,0,494362,871792,287454,186674,122648,84404,58266,79462,173670,39458,2600280,522,768,1396,0,1058172,24784,240256,206826,197100,216980,na,na,na,na,na,na,30440,40265.93,2600280,2600280,2597686,14817,0,15190,175660,2398190,1209600,54700,4,64,0,1992312,19345.92,384440.64,0,330,0,12246,525990,1375650,422392,52088,7158,2424,242,0,16,22,2600280,na,3112,402,27882,298628,76142,607888,1349190,33992,954,0,206,3262,2013592,199828,0,802,0,0,2019798,2234,266,0,0,930,19894,0,0,0,0,14922,43032,10540,8278420,886474,58120,7980,2060400,209650,2500928,28208,0,0,265970,695.82,788,417838,222348,179812,122042,185590,143478,526948,600084,50,0,0,0
40024,na,996,na,0,0,0,0,0,0,62816,1294842,1306732,168570,1312,0,1370896,0,0,0,0,0,2661828,2374978,400658,206850,0,0,0,0,1440,238,0,0,0,0,0,37922,1245538,1226662,324150,0,3584,850,1008,892,82608,2745320,10,0,0,0,929648,655570,254640,186826,159338,158428,298980,190842,0,0,3063466,0,78,94,268,1370896,41704,211962,187768,146620,182520,na,na,na,na,na,na,63500,40024.65,3063466,3063466,3082338,14427,119306,59564,633020,2834272,1209600,0,na,na,na,2417126.4,0,411314.88,0,720,0,0,126,263294,1114488,1114826,293572,36176,10550,1240,na,0,3063466,na,6696,836,4380,276746,210930,1671060,656362,7256,6,0,na,na,na,na,na,na,na,na,na,3120,114,0,0,0,0,0,0,0,0,21454,35288,6618,0,0,126416,20680,4616620,573266,0,0,0,0,415410,1709.16,1814,440680,671582,370700,170440,294622,261536,205318,164042,248654,6698,0,0
38766,na,426,88,0,0,0,0,0,5308,703662,1310974,166874,1408,14,0,1122122,0,0,0,13740,24160,2076642,1924916,511182,120884,0,0,0,0,76,714,0,0,0,0,0,3720,83634,1429514,671372,0,4096,1114,2064,4352,28368,2148210,36,0,0,0,338052,976346,340280,166476,94850,62798,48050,107248,53710,430,2601884,698,624,114,0,1122122,25950,387744,122758,222360,255960,na,na,na,na,na,na,29000,38766.84,2601884,2601884,2604762,12443,1604,15850,178420,2188240,1209600,66992,0,108,0,2040620.16,0,142434.24,8,618,0,0,302542,1172544,636446,58422,12998,4666,622,0,42,52,2601884,na,5046,442,2624,76764,51112,729502,1294490,28112,148,0,254,1228,1924336,627698,0,4902,0,0,2054040,1340,394,0,0,0,0,0,0,0,0,11984,16184,3820,4957310,552736,71048,11102,332340,58922,2556936,29088,0,0,0,1468.58,1094,159356,310604,243750,94956,196010,220648,878326,75614,8976,0,0,0
18,na,0,0,0,0,0,0,0,0,726,8642,2220,0,0,0,4080,0,46,0,0,0,15724,13702,8658,682,0,0,0,0,8,10,0,0,0,0,0,0,0,1554,10034,0,50,22,24,44,1510,9938,0,0,0,0,10118,518,236,54,36,28,80,30,454,34,24418,0,4,2,0,4080,178,5378,3250,na,na,na,na,na,na,na,na,8500,18.26,24418,24418,27910,34,0,2376,24180,11588,1209600,438,2,2,0,3315.84,0,7217.28,0,12,0,0,30,8260,2224,1074,0,0,0,0,0,6,24418,na,1068,6,28,20,2746,7572,148,0,0,0,0,18,3692,128,0,0,0,0,3932,74,66,0,0,0,0,0,0,0,0,188,0,0,1534,546,56,48,7300,730,52,26,0,0,0,34.1,38,8500,2760,94,22,44,54,34,80,0,0,0,0
120332,na,1256,1176,0,0,0,0,0,0,23730,2205048,5543594,1541016,128774,5584,3984806,4914,0,0,0,0,8632396,7701422,1199414,738290,0,0,0,0,780,1994,0,0,0,0,0,0,6635456,1339566,1472724,0,12030,6616,7006,376564,6418746,2626204,580,0,0,0,4101912,2354446,1192444,816934,544158,349806,88046,0,0,0,9834738,0,114,72,16,3984806,120130,579018,615728,142360,134200,141540,149780,126460,143620,134920,185740,14600,120332.27,9834738,9834738,9867818,42465,6768,1590,127280,9447746,1209600,286550,4,206,0,7711668.48,0,1727309.76,0,0,0,0,0,695218,3651552,3746868,1165020,162484,25094,1510,4,10,9834738,na,19440,2564,387032,1293198,476774,4495314,2719888,53398,138,0,708,4238,7672136,13520,0,370,0,18,7867254,7778,870,0,0,0,0,0,0,0,0,61536,65032,16854,0,0,363284,62228,75680,17348,0,0,0,0,1225200,5311.12,5666,1867088,2095848,1436236,503922,1085434,1092430,811430,368958,186364,36,0,0
480534,0,1112,198,0,0,0,0,0,666448,5286526,2670242,88770,2584,0,0,16640912,0,46,0,1048802,1476254,30013246,27989900,7584806,1795388,0,0,0,0,762,124,0,0,0,0,0,0,13370,6560216,2140984,0,25202,4464,4834,6408,13868,7471980,920906,266908,0,0,3362098,1700898,1035784,706736,491786,396094,279734,195518,239662,306260,38659080,9058,590,43312,204,16640912,384238,4435850,3136042,296320,233940,239060,228060,200560,230060,207780,299180,250900,480534.17,38659080,38659080,9750844,33993,7164,36678,1055600,8728940,1209600,313256,62,154,0,28268232.96,0,5166640.32,280,3544,0,11188,1147236,1630430,1886280,1452276,1529332,856986,181506,19336,1678,1682,38659080,0,26540,4274,9176,671378,476220,3800748,3699756,26470,8,0,610,284,7003728,3111630,6,1310,0,0,7234654,15562,2980,0,0,0,0,0,0,0,0,202568,17016,4620,6030050,800806,92340,72902,25540,26234,9727266,25632,0,0,1534170,12838.64,8314,1631304,1740646,1095546,453972,896054,434130,542944,1885342,34632,0,0,0
76666,na,158,154,0,0,0,0,0,0,26112,1210758,3390968,598750,12342,0,2087202,0,0,0,782,1448,4724912,4172092,708702,462854,0,0,0,0,360,98,0,0,0,0,0,93800,1703002,2846368,595760,0,3062,738,1502,60584,3549264,1622820,960,0,0,0,1567358,1622170,660216,392770,267178,208946,213490,300180,6622,0,5435554,190,1402,384,16,2087202,53462,396060,309724,158660,137540,132940,192280,na,na,na,na,76580,76665.68,5435554,5435554,5431036,30606,222,53040,584460,5238930,1209600,145388,6,92,0,4658993.28,0,575239.68,0,0,0,0,16728,273024,2129840,2572062,220266,21580,5198,232,4,14,5435554,na,7706,1142,53780,329922,291454,3679434,841246,34082,164,0,290,228,4690860,82780,0,1316,0,16,4701446,3984,262,0,0,0,0,0,0,0,0,32192,77092,26884,0,0,121168,17102,21142680,2115136,0,0,0,0,2328250,1993.16,2452,609608,1044942,788072,466070,1004042,774278,365046,119604,67248,20,0,0
1456,na,130,118,0,0,0,0,0,0,90,46304,43720,1290,0,0,39376,0,0,0,0,0,86016,76274,18546,6352,0,0,0,0,234,74,0,0,0,0,0,0,46906,44498,0,0,178,32,54,78,7044,83858,160,0,0,0,33682,44834,9116,2806,764,136,54,12,0,0,104598,10,380,84,0,39376,978,10064,8384,na,na,na,na,na,na,na,na,18300,1456.81,104598,104598,107284,296,0,10196,104240,91404,1209600,2382,0,2,0,78807.36,0,12470.4,0,0,0,0,0,28044,50408,12410,342,182,18,0,0,10,104598,na,238,26,958,4886,2370,34864,45002,3020,40,0,222,210,79772,51014,0,2,0,0,80102,104,74,0,0,0,0,0,0,0,0,516,290,98,0,0,1492,322,1800,180,0,0,0,0,456840,131.16,78,13778,12274,4420,1566,4538,54826,2,0,0,0,0,0
39558,na,140,130,0,0,0,0,0,0,580,46288,1310798,1034110,44452,132,1051610,0,0,0,0,0,2075460,1715038,451758,320812,0,0,0,0,150,58,0,0,0,0,0,0,1311926,606934,517500,0,2786,1358,1826,449982,1769924,210444,40,0,0,0,807000,584044,242702,170726,132394,186794,312700,0,0,0,2527526,0,34,76,10,1051610,34330,199552,250374,197900,234020,na,na,na,na,na,na,15560,39558.95,2527526,2527526,2533870,15667,9272,7136,104040,2436360,1209600,65824,2,144,0,2054500.8,34.56,372836.16,0,0,0,0,0,630,306054,938750,999080,183200,7962,684,1190,1208,2527526,na,4018,430,162084,173622,115156,1579318,396080,5606,46,0,222,188,1964428,14234,0,10146,0,8,2070978,1434,530,0,0,0,102,0,0,0,0,18428,31652,14580,0,0,68712,13610,3548440,447568,0,0,0,0,0,785.38,842,394086,414244,190952,80148,202994,231718,254004,219560,437124,11530,0,0
368,0,18,16,0,0,0,0,0,0,12992,39316,16380,0,0,0,20078,0,0,0,3690,6212,54154,45008,39274,6584,0,0,0,0,18,48,0,0,0,0,0,0,0,288,68400,0,542,410,438,886,1968,15544,48900,0,0,0,52520,6880,2884,1604,1204,948,1046,612,328,662,97236,0,0,24,4,20078,962,22874,16158,na,na,na,na,na,na,na,na,38360,367.09,97236,97236,96530,171,0,9290,96220,68900,1209600,2684,2,18,0,29121.6,0,38715.84,10,84,0,0,10314,11956,31052,10236,4088,1022,20,0,14,20,97236,0,1308,50,360,7000,9308,24954,23646,2032,30,0,18,94,31798,68,0,20,0,0,31798,240,82,0,0,0,0,0,0,0,0,1042,130,34,0,0,2140,374,87760,8726,0,0,0,0,0,269.44,194,40500,13412,4320,1094,1362,1590,2004,4162,244,0,0,0
22,2,2130706434,2,0,0,0,0,0,0,176,3560,3684,0,0,0,2066,0,0,0,0,0,6102,3832,3956,1062,0,0,0,0,2,10,0,0,0,0,0,0,0,0,7420,0,74,36,204,1414,740,4166,786,0,0,0,4424,894,268,126,78,56,420,788,152,214,10082,0,2,0,0,2066,156,2006,1928,na,na,na,na,na,na,na,na,3880,22.76,10082,10082,12382,40,0,926,9900,7468,1209600,412,2,2,0,3059.52,0,2431.68,10,24,0,0,0,926,4032,930,1532,0,0,0,0,4,10082,0,1992,10,16,220,184,1534,2950,484,30,0,0,14,3754,50,0,8,0,0,3764,78,24,0,0,0,0,0,0,0,0,150,0,0,0,0,186,48,4720,464,0,0,0,0,0,0.9,1058,4552,2044,558,136,102,28,0,0,0,0,0,0
111604,na,na,na,na,na,0,0,374,397134,3403744,2603064,1071428,238116,15542,0,2778780,0,0,na,248100,417440,5747940,5152846,2093296,781230,na,0,0,0,na,na,0,0,0,0,20604,73408,293410,5211318,2130662,0,5006,1584,2458,3590,2429018,5287736,10,0,0,0,2068426,1392500,1204920,851890,580928,354784,247300,220518,175346,632790,8090024,na,na,na,na,2778780,110650,851636,1238368,357580,295360,299020,248680,294480,355300,0,0,228020,111603.72,8090024,8090024,na,41388,na,na,822960,na,1209600,na,na,na,na,5839832.64,33443.52,1852032,na,na,0,41270,899278,2732732,2726330,1150840,164912,11870,2114,56,na,na,8090024,na,6464,1298,1226390,695178,540732,4798296,448782,12262,0,0,na,na,na,na,na,na,na,na,na,na,na,na,na,na,na,na,na,na,na,56714,na,na,na,na,na,na,na,na,na,na,na,na,na,na,na,1944168,1012414,653318,276428,503092,380840,454266,2442886,61990,0,na,na
33304,na,0,na,0,0,0,0,0,0,32578,628878,888178,568058,374,0,1041620,0,0,0,800,1200,1874682,1661212,339264,180536,0,0,0,0,0,0,0,0,0,0,0,6452,436626,1336836,338152,0,2848,1366,2264,5812,943802,1161940,28,4,2,0,741424,395280,196758,145026,119892,130408,207330,158718,22478,752,2214986,124,366,282,96,1041620,26502,176724,160300,198000,1310700,1310700,1310700,1310700,1310700,1310700,1310700,137320,33303.65,2214986,2214986,na,14323,194432,97772,1001580,na,1209600,0,na,na,na,1935424.32,0,179238.72,na,na,0,0,2498,266740,796514,914406,124456,10562,2776,114,na,0,2214986,na,2614,300,81734,83350,276122,1596116,75954,1874,2,0,na,na,na,na,na,na,na,na,na,1192,170,0,0,0,0,0,0,0,0,13850,31000,5390,0,0,68710,9428,3512820,484946,0,0,0,0,32303620,na,na,188724,372662,332356,181964,438654,335772,141234,61000,64848,852,0,0
660,na,96,70,4,4,0,0,0,0,136,37082,12074,0,0,0,18338,0,148,0,0,0,54166,46124,37652,1434,0,0,0,0,20,150,0,0,0,0,0,0,0,4382,44910,0,248,94,126,150,1938,46736,0,0,0,0,19298,27034,1890,498,100,48,296,126,2,0,91906,20,28,332,0,18338,738,31606,5986,na,na,na,na,na,na,na,na,37000,659.84,91906,91906,90424,145,0,8722,91080,49292,1209600,1604,0,18,0,36625.92,375.36,11259.84,0,32,0,0,0,32998,14104,1558,584,48,0,0,4,8,91906,na,1256,50,64,1536,528,9472,33510,2824,52,0,78,228,38988,18188,0,0,0,0,39128,178,104,0,0,180,448,170,226,0,0,582,0,2,12764,2830,780,146,280,28,88648,34,0,0,0,166.84,148,13110,7746,3088,1776,4852,2410,3734,12576,0,0,0,0
102818,na,534,500,0,0,0,0,0,0,45106,2469764,3482934,966398,70478,8708,3108028,1460,0,0,0,0,6041810,4979384,1550156,930446,0,0,3198,0,1392,352,0,0,0,0,0,17704,4742770,701304,1581610,0,4298,3454,8702,321726,5360380,1344782,46,0,0,0,2365004,1845648,751324,607968,485896,382632,341772,259210,3934,0,7592864,114,128,856,18,3108028,104466,819456,719086,252620,225400,231700,254100,245740,270360,na,na,58420,102817.59,7592864,7592864,7561968,39046,6652,24876,322740,7043388,1209600,182532,2,234,0,6079683.84,0,958899.84,0,0,0,0,154,726992,3340974,2322356,612710,34604,5568,30,0,6,7592864,na,7362,976,6340,764776,360940,5308788,561142,32914,150,0,834,848,5803322,166898,0,20740,0,26,6157462,5756,994,0,0,0,0,0,0,0,0,54582,100780,19768,0,0,229060,33082,843320,111590,0,0,0,0,63103620,2293.28,2358,1026828,1294886,727690,478672,1213820,1495530,685260,103202,17302,198,0,0
157210,na,0,1484,0,0,0,0,0,0,36840,2596498,5364852,1323326,59248,1796,4031952,0,0,0,0,0,8649300,7641466,1850406,796650,0,0,0,0,0,0,0,0,0,0,0,90160,4639396,3379816,1273188,0,8532,5130,9278,347256,7079734,1932488,142,0,0,0,2802418,2191618,934448,798170,704832,635872,892376,422788,38,0,10502182,0,0,0,0,4031952,101442,1300438,543234,204160,202580,233160,174720,270580,185880,169700,206880,180860,157209.84,10502182,10502182,10487076,64426,0,67916,799620,9382560,1209600,0,2,208,0,8538745.92,0,835345.92,0,0,0,0,0,718260,3984724,3793422,811686,60784,12960,724,24,0,10502182,na,14892,1620,61992,553266,485246,6293920,1946222,25284,118,0,4280,510,3201340,26608,0,3274,0,28,8627854,0,0,0,0,0,0,0,0,0,0,59640,0,0,0,0,0,0,0,0,0,0,0,0,0,3302.96,4272,902876,1406948,1068792,569652,1334522,1454056,1486986,722092,436564,72,0,0
61882,na,184,128,0,0,0,0,0,0,5818,651786,2700212,728896,36158,0,1932454,0,0,0,0,0,3842184,3489178,419428,292356,0,0,0,0,364,86,0,0,0,0,0,253728,2370252,939516,559374,0,2238,1086,1648,42624,2940548,1127964,6762,0,0,0,1433004,789248,856356,704984,296804,41750,724,0,0,0,4262370,0,708,568,0,1932454,46642,224314,194084,104960,96280,156060,na,na,na,na,na,54340,61882.6,4262370,4262370,4291032,17846,17216,59396,624900,4122870,1209600,151234,0,130,0,3741695.04,0,377213.76,0,0,0,0,0,90682,1202958,1885454,858668,70100,13526,1482,190,204,4262370,na,5578,838,3966,324566,167600,2820874,785824,13622,2,0,272,250,3666274,100754,14,11034,0,0,3761228,2832,106,0,0,0,0,0,0,0,0,22294,49062,8708,0,0,116268,24976,257440,38688,0,0,0,0,2920770,1471.44,1676,405414,974068,666050,286576,524336,438190,349666,246542,217374,14654,0,0
6,na,10,8,0,0,0,0,0,0,12,0,3364,0,0,0,1206,0,0,0,0,0,4260,2932,5422,608,0,0,0,0,0,0,0,0,0,0,0,0,3376,0,0,0,40,6,8,10,392,2920,0,0,0,0,3106,198,48,14,8,0,2,0,0,0,9688,0,10,0,0,1206,72,3926,1490,na,na,na,na,na,na,na,na,5380,6.45,9688,9688,12760,5,0,930,9660,3376,1209600,264,0,0,0,1109.76,0,2248.32,0,0,0,0,0,0,2438,904,2,32,0,0,0,6,9688,na,38,6,8,24,302,1804,926,256,12,0,12,0,1608,40,0,8,0,38,1674,36,42,0,0,0,0,0,0,0,0,60,0,0,0,0,86,22,520,60,0,0,0,0,0,29.04,16,2362,866,132,12,4,0,0,0,0,0,0,0
43428,na,2130706436,364,0,0,0,0,0,0,1512,649584,1997660,192476,9728,3336,1168436,0,0,0,0,0,2503638,2069224,751278,362476,0,0,704,0,1446,422,0,0,0,0,0,83152,1142752,1216278,412114,0,2784,568,1152,5048,1249004,1575342,20398,0,0,0,1006320,462452,201306,153850,144554,160066,245622,479880,246,0,3255706,90,288,534,82,1168436,40918,407718,341112,324220,228540,na,na,na,na,na,na,191240,43427.32,3255706,3255706,3250904,22797,17770,78734,827800,2854296,1209600,106712,2,56,0,2520515.52,0,330456,0,426,0,0,0,84740,1303284,1360120,92010,10212,3590,340,0,16,3255706,na,5122,630,398620,155598,132016,1676822,459814,25512,162,0,558,1634,695350,66590,0,58228,0,74,2552532,2048,372,0,0,0,0,0,0,0,0,23876,46264,16392,0,0,56138,9522,18166280,2282632,0,0,0,0,3842750,1230.48,1350,350268,541638,409378,198592,416098,422404,257986,132502,124280,1150,0,0
34018,0,2130706432,512,0,0,0,0,91288,872748,1136086,244276,39486,8,0,0,735436,0,0,0,203524,313274,1841402,1930564,413976,76090,0,0,0,0,1420,1544,0,0,0,0,0,0,44812,1859774,479306,0,1480,864,1014,1738,47722,2324924,6150,0,0,0,954610,393514,301576,240530,160454,102710,70246,58136,38976,63140,2459024,1142,860,1560,2,735436,20584,111046,302020,191820,212540,na,na,na,na,na,na,7740,34017.2,2459024,2459024,2457914,16905,1672,3308,38120,2410584,1209600,42760,4,26,0,1779909.12,357893.76,270653.76,8,240,46378,94716,549238,678786,809632,174706,30164,272,0,0,174,188,2459024,0,1602,106,114814,344846,572590,1341050,8884,0,0,0,394,3622,1713586,577742,0,3560,0,0,1791840,1990,272,0,0,220,358074,0,0,0,0,15094,8824,2374,3525706,412952,38214,5178,11158000,1135614,2352826,10198,0,0,4206150,4.5,392,637288,216486,148330,108466,350588,638120,178930,104942,742,0,0,0
38680,na,0,na,0,0,0,0,0,0,842,242174,1501740,519406,2868,0,1054858,0,0,0,0,0,1994194,1733062,326540,237474,0,0,0,0,0,0,0,0,0,0,0,30134,1567138,416590,253168,0,1156,758,534,3892,1896894,363796,0,0,0,0,970754,552670,275232,158886,111712,178078,19698,0,0,0,2320990,0,64,28,114,1054858,36486,182356,142992,178680,na,na,na,na,na,na,na,144940,38680.22,2320990,2320990,2331994,11381,307998,109278,1108380,2267030,1209600,0,na,na,na,2078939.52,0,186756.48,0,0,0,0,0,12592,876694,1168562,194546,11038,3280,318,na,0,2320990,na,2246,302,50810,128818,54840,1618964,393644,17070,336,0,na,na,na,na,na,na,na,na,na,1200,106,0,0,0,0,0,0,0,0,16434,30054,6288,0,0,97886,22142,5078340,805498,0,0,0,0,37657210,655.48,676,202200,259146,195476,121026,497018,921472,66858,3688,146,0,0,0
34,0,34,22,0,0,0,0,0,4354,5870,2316,1068,0,0,0,3704,0,26,0,3126,8898,14960,15486,14878,332,0,0,0,0,68,74,0,0,0,0,0,0,0,1670,11938,0,1170,4,0,12,14,394,8332,1286,2396,0,11194,754,182,280,116,118,358,468,44,94,32994,0,6,0,0,3704,212,11350,3510,na,na,na,na,na,na,na,na,14720,33.12,32994,32994,34156,39,8,3198,32780,13660,1209600,612,0,12,0,4355.52,0,8185.92,0,24,0,4080,4226,2778,1468,510,546,0,0,0,0,18,32994,0,1180,16,24,1070,2668,2044,5864,710,32,0,na,na,na,na,na,na,na,na,na,114,116,0,0,0,0,0,0,0,0,260,0,0,166,120,140,48,2080,208,8874,40,0,0,0,120.28,60,9504,3108,252,110,240,156,116,122,0,0,0,0
46476,na,698,602,0,0,0,0,0,0,1106,265392,2122096,628298,57174,3220,1597322,0,0,0,0,0,2616734,2199058,600694,356188,0,0,1278,0,2632,742,0,0,0,0,0,58592,793474,1553824,671396,0,2240,1066,1806,191316,2449370,431462,26,0,0,0,972178,589172,300086,247888,220222,204668,228664,314378,30,0,3217940,108,212,118,10,1597322,51812,259928,338168,220320,215620,na,na,na,na,na,na,158880,46476.8,3217940,3217940,3214186,23438,5168,74914,792980,3077286,1209600,91826,0,126,0,2734591.68,0,340540.8,0,0,0,0,0,47080,854102,1811482,331526,27218,5552,326,12,20,3217940,na,4518,556,41590,201922,119996,2041608,645570,21388,138,0,988,2466,2712272,91616,54,12132,0,0,2751722,2948,472,0,0,0,0,0,0,0,0,30928,33348,6740,0,0,56112,14390,103440,25700,0,0,0,0,17198950,1116.98,1348,361538,600070,479186,213412,437576,397104,401476,63214,107066,16644,0,0
41822,na,2130706432,96,0,0,0,0,0,0,354,88016,1902676,886838,60384,0,1233814,0,0,0,0,0,2624952,2255510,562886,302572,0,0,0,0,276,70,0,0,0,0,0,117782,1228504,1456374,135608,0,2282,2084,4182,28386,284548,2616524,262,0,0,0,1130752,539176,279310,269260,235874,187874,182216,113806,0,0,3188350,16,6,134,20,1233814,37540,342114,219936,188960,225900,na,na,na,na,na,na,143040,41821.39,3188350,3188350,3175840,18309,58,72508,761240,2938268,1209600,73664,4,36,0,2261943.36,0,674634.24,50,776,0,0,0,400,927690,1524408,465258,16732,3628,152,48,56,3188350,na,3802,462,132002,396014,164486,1698382,531408,11520,192,0,174,198,2275192,4830,280,13696,0,16,2282310,2814,74,0,0,0,0,0,0,0,0,24590,32862,20064,0,0,72322,14862,7466460,747878,0,0,0,0,1821400,1044.06,1026,695214,351290,329168,179282,369168,311144,290752,201318,209772,1160,0,0
27650,na,2130706436,636,0,0,0,0,0,0,2894,259888,1480736,240142,10818,392,830402,0,0,0,0,0,1722810,1441192,400104,240308,0,0,422,0,2072,338,0,0,0,0,0,86552,990148,345772,572398,0,2628,1316,1098,966,11744,1974426,2690,2,0,0,582060,496768,169324,120836,91914,81690,135626,316594,58,0,2123230,48,12852,328,54,830402,25042,226818,171600,259920,na,na,na,na,na,na,na,136380,27649.17,2123230,2123230,2117762,15232,1264,88548,909580,1994870,1209600,59912,2,36,0,1768529.28,0,223590.72,0,546,0,0,0,23862,481956,1207250,268954,10256,2296,296,6,12,2123230,na,3750,360,58924,128794,117204,1291636,383386,10526,290,0,976,946,833996,145144,0,82736,0,22,1793270,1602,226,0,0,0,0,0,0,0,0,15306,28004,9166,0,0,44240,7420,11262800,1222878,15510,12422,0,0,961280,787.32,844,237584,441912,321746,178166,483892,247398,52146,18756,13202,68,0,0
10,0,16,14,0,0,0,0,0,0,4,2022,4524,0,0,0,2230,0,0,0,0,0,21482,18604,10642,890,0,0,0,0,14,12,0,0,0,0,0,0,0,2026,4524,0,60,32,134,930,108,5194,92,0,0,0,5220,296,48,54,154,150,464,58,32,74,32142,0,4,2,2,2230,158,7638,2908,na,na,na,na,na,na,na,na,10500,10.14,32142,32142,32396,25,0,3056,31940,6588,1209600,246,2,2,0,1578.24,0,3950.4,0,14,0,0,0,1536,4044,950,20,0,0,0,6,10,32142,0,1100,8,22,8,640,2032,2138,564,38,0,8,6,1982,168,0,0,0,0,1982,102,60,0,0,0,0,0,0,0,0,152,0,0,182,20,46,12,2560,254,28448,16,0,0,0,0.72,36,5148,1120,52,16,38,38,64,74,0,0,0,0
2,0,14,10,0,0,0,0,0,0,40,6028,6626,0,0,0,5180,0,62,0,0,0,16662,12870,7942,692,0,0,0,0,58,42,0,0,0,0,0,0,0,0,12694,0,1414,72,78,120,318,10680,12,0,0,0,9030,1932,542,268,664,186,72,0,0,0,24632,0,2,0,0,5180,312,4418,3448,na,na,na,na,na,na,na,na,7680,1.49,24632,24632,29550,42,88,2224,24340,12760,1209600,680,0,4,0,6569.28,0,5082.24,2,28,0,0,0,2480,8292,1726,184,12,0,0,0,4,24632,0,1238,24,216,2150,1426,1540,4970,1050,78,2,20,66,5854,780,0,0,0,0,6932,136,150,0,0,0,0,0,0,0,0,298,0,0,0,0,380,70,700,316,0,0,0,0,0,270.48,94,6602,3722,932,220,444,468,100,206,0,0,0,0
780,0,80,na,0,0,0,0,4856,6610,15992,40926,2366,0,0,0,31834,0,0,0,6128,10528,57682,50704,36194,3836,0,0,0,0,482,98,0,0,0,0,0,0,0,32488,38262,0,2294,238,344,334,672,57970,2368,6530,0,0,34638,14548,8164,5222,2954,1762,1548,744,374,796,100130,6,12,0,0,31834,1132,20908,14002,na,na,na,na,na,na,na,na,34580,779.03,100130,100130,96518,332,2734,9404,98760,70946,1209600,0,na,na,na,46666.56,0,22564.8,2,96,4372,5224,7102,17792,10662,11946,13368,280,4,0,na,0,100130,0,1668,102,2016,2116,1950,12142,45242,5402,112,0,na,na,na,na,na,na,na,na,na,252,112,0,0,0,0,0,0,0,0,1272,194,48,16100,4840,1240,202,120080,15266,2,186,0,0,0,759.26,292,24778,12002,4838,2076,6292,7438,5112,8214,0,0,0,0
14,na,10,10,0,0,0,0,0,0,126,4818,9982,3014,0,0,7192,0,0,0,0,0,14146,6642,12168,2910,0,0,0,0,56,32,0,0,0,0,0,0,6386,0,11554,0,114,10,32,46,4328,13378,32,0,0,0,17444,358,78,28,10,8,14,0,0,0,26362,0,2,0,2,7192,366,3386,8746,na,na,na,na,na,na,na,na,11820,13.58,26362,26362,25184,15,0,2252,26020,17940,1209600,704,2,6,0,4481.28,0,13355.52,0,0,0,0,0,1790,9114,6296,682,58,0,0,0,8,26362,na,216,34,32,34,558,6664,10132,270,0,0,16,92,5556,14,0,0,0,18,6160,224,38,0,0,0,0,0,0,0,0,340,0,0,0,0,64,22,6800,680,0,0,0,0,0,71.56,82,14374,3430,102,20,14,0,0,0,0,0,0,0
12,na,20,12,0,0,0,0,0,0,2416,1614,1606,0,0,0,1708,0,0,0,296,900,3996,2418,13350,830,0,0,0,0,10,42,0,0,0,0,0,0,0,1528,4108,0,882,8,12,12,66,4656,0,0,0,0,4292,650,82,186,18,10,242,156,0,0,17658,2,0,0,0,1708,108,11424,1906,na,na,na,na,na,na,na,na,13240,12.04,17658,17658,12844,18,0,1696,17520,5636,1209600,238,0,2,0,1757.76,0,3300.48,0,14,0,0,1504,2024,1348,606,154,0,0,0,0,10,17658,na,890,14,16,16,92,832,3240,514,22,0,20,140,1472,20,0,10,0,0,2038,44,34,0,0,0,0,0,0,0,0,132,0,0,1778,310,40,12,1120,112,3044,12,0,0,0,43.98,38,3956,1310,300,50,20,0,0,0,0,0,0,0
847238,na,na,na,0,0,0,0,45646,3594688,14784664,19105036,10338278,1072074,96598,3828,25967474,2050,304,na,1239422,1819280,41072740,36460274,12151894,4899126,2,0,0,0,1566,824,0,0,0,0,0,39736,2559780,33404528,13036768,0,150100,119302,229644,414692,2961062,45165810,198,4,0,0,9811392,21482278,8210482,3444542,1802800,1083706,800196,759826,401708,1243882,54466226,67528,61600,183756,832,25967474,791248,6918166,5213778,220820,216780,258920,256840,231180,234900,228200,269220,246540,847238.7,54466226,54466226,54281886,271158,495498,na,1187020,49040812,1209600,667510,na,na,na,39704293.44,0,9314774.4,na,na,1946,434596,5623052,15204688,16832952,9471814,1356616,105866,9134,148,na,47406,54466226,na,29686,5216,2592454,1793220,16209182,28348098,62956,0,0,0,692,4580,896564,26445620,902,52512,0,0,39751602,26410,490,na,na,na,na,na,na,na,na,427826,52118,11934,1129306816,7140606,1102706,149852,70410340,9687930,53106372,47448,192,130,na,na,na,9445828,3207004,2572994,1372494,2543192,3103280,21345042,5449886,1092,0,10,0
24,0,62,44,2,2,0,0,0,0,884,6878,2728,0,0,0,4202,0,290,0,568,2200,21802,19676,23916,448,0,0,0,0,18,34,0,0,0,0,0,0,0,0,10490,0,1304,68,88,172,268,940,7650,0,0,0,8562,542,146,330,148,104,474,162,20,2,46326,2,34,0,0,4202,226,22042,1862,na,na,na,na,na,na,na,na,23720,24.04,46326,46326,47252,32,0,4532,46120,10544,1209600,512,0,0,0,3442.56,0,6022.08,2,30,0,0,752,2718,5642,802,576,0,0,0,2,50,46326,0,1138,16,174,18,3830,998,3536,774,6,0,34,62,3650,280,0,2,0,0,3804,44,358,0,0,0,0,0,0,0,0,202,0,0,1006,294,148,36,1240,124,25156,26,0,0,0,269.6,70,7258,2642,212,48,82,48,76,124,0,0,0,0
12,na,6,4,0,0,0,0,0,0,70,3756,2496,0,0,0,1828,0,30,0,0,0,19214,17568,6522,212,0,0,0,0,8,6,0,0,0,0,0,0,0,0,6322,0,988,28,50,44,202,5010,0,0,0,0,4888,560,144,212,18,24,72,392,12,0,25756,2,0,38,0,1828,170,5370,1134,na,na,na,na,na,na,na,na,6340,12.14,25756,25756,26704,18,0,2496,25600,6322,1209600,284,0,2,0,1898.88,0,3435.84,na,na,0,0,0,1710,3492,1074,46,0,0,0,0,6,25756,na,958,6,44,16,376,2494,1728,660,40,0,6,12,1516,82,0,0,0,0,2028,32,60,0,0,0,0,0,0,0,0,160,0,0,0,0,126,30,1500,150,0,0,0,0,0,na,na,4498,1566,106,38,40,50,14,10,0,0,0,0
3264,0,2130706432,62,32,22,0,0,0,0,390,101936,85718,3538,0,0,84956,0,220,0,0,0,206368,187270,142440,12360,0,0,0,0,36,174,0,0,0,0,0,0,0,21308,170274,0,568,484,684,1846,1496,182616,3888,0,0,0,70554,66850,12822,13496,8014,4814,3720,4878,4934,1500,348898,186,276,52,0,84956,1734,129494,12822,na,na,na,na,na,na,na,na,141820,3264.85,348898,348898,348110,800,40,34556,348020,191944,1209600,5510,2,12,0,168265.92,0,22348.8,44,126,0,0,14,43256,99944,45944,1794,430,194,6,18,18,348898,0,1566,86,16654,12086,3978,129862,25368,1924,58,0,86,376,166890,113610,0,0,0,0,169450,192,80,0,0,0,0,0,0,0,0,1170,222,90,278714,36636,3224,578,792560,79596,341986,582,0,0,0,2.46,190,24536,20838,11866,15448,19604,13874,80378,5018,20,0,0,0
39402,na,2130706432,140,0,0,0,0,0,0,356,221392,1922470,436508,15936,852,1147000,0,180,0,0,0,2445826,2217516,392754,189296,0,0,0,0,174,64,0,0,0,0,0,3718,755552,850314,987930,0,1106,408,844,1406,36956,2555622,1170,2,0,0,665092,895888,289976,195308,156266,180372,212824,1788,0,0,2838862,104,706,546,0,1147000,28190,267810,123714,148900,171280,na,na,na,na,na,na,68360,39401.62,2838862,2838862,2840014,14888,4130,39450,415140,2597514,1209600,86550,2,30,0,2350522.56,0,244230.72,2,526,0,0,0,34200,979320,1365170,202898,13786,2114,26,40,44,2838862,na,2762,356,65978,140462,86206,1928954,362296,10432,68,0,260,170,2183592,92644,0,38468,0,70,2364496,1296,208,0,0,0,4,0,0,0,0,16310,48990,13674,0,0,59822,9650,10739860,1109290,0,0,0,0,743160,784.04,818,261080,490876,354088,215232,585712,497090,130374,38584,24392,86,0,0
134,0,30,20,0,0,0,0,0,1756,23434,36884,32324,0,0,0,na,na,na,na,na,na,na,na,na,na,0,na,na,na,54,34,0,0,0,0,0,0,0,46804,47594,0,1438,32,58,78,166,75024,15680,1910,12,0,86110,4852,1608,478,388,540,156,158,52,56,na,6,12,2,0,na,na,na,na,na,na,na,na,na,na,na,na,na,133.95,na,na,129364,169,0,na,na,94560,na,744,0,20,0,9509.76,70581.12,13284.48,14,40,0,1756,19354,27100,40894,5108,170,14,2,0,0,8,na,0,1408,72,10520,22504,17138,28746,13518,488,4,0,38,128,9822,22,0,2,0,0,10904,142,118,0,0,40,72112,0,0,0,0,na,20,2,0,0,272,54,160,16,0,0,0,0,0,229.44,172,85194,3886,860,158,236,238,254,3572,0,0,0,0
16,na,32,28,0,0,0,0,0,0,58,4674,5838,248,0,0,4280,0,0,0,0,0,14936,10482,7294,1608,0,0,0,0,44,24,0,0,0,0,0,0,7712,0,3106,0,60,6,30,36,528,10156,2,0,0,0,9930,638,148,56,26,14,6,0,0,0,22268,0,0,0,0,4280,310,2742,4528,na,na,na,na,na,na,na,na,7080,16.22,22268,22268,23530,12,248,2022,21940,10818,1209600,546,2,4,0,4080.96,0,6665.28,0,24,0,0,0,4146,3142,3232,298,0,0,0,2,6,22268,na,158,14,26,44,256,4080,5622,618,0,0,38,90,4122,8,0,18,0,0,5248,126,56,0,0,0,0,0,0,0,0,272,0,0,0,0,166,34,17560,1762,0,0,0,0,0,47.08,56,7260,3300,212,36,10,0,0,0,0,0,0,0
2334,na,2130706432,14,0,0,0,0,0,0,6798,150544,24058,16,0,0,73176,0,0,0,54,174,187578,159018,92260,18320,0,0,0,0,24,8,0,0,0,0,0,2292,140650,23126,15348,0,324,60,102,162,31770,148642,356,0,0,0,77182,52004,26624,12558,9760,2688,600,0,0,0,279962,0,418,120,2,73176,2138,69380,22426,na,na,na,na,na,na,na,na,91120,2334.77,279962,279962,276078,541,0,27264,278820,181416,1209600,5278,2,20,0,137483.52,4693.44,38878.08,0,0,0,0,238,108958,61778,8668,1568,176,30,0,32,38,279962,na,594,70,148,7996,6460,61964,99386,4798,0,0,22,56,141426,61796,0,66,0,18,142004,398,138,0,0,0,4696,0,0,0,0,1594,1360,660,0,0,3108,626,315980,31582,0,0,0,0,0,219.18,222,46766,24048,17718,9404,36718,45462,556,244,500,0,0,0
2300,0,16,8,0,0,0,0,0,0,3458,88280,54802,300,0,0,67562,0,0,0,1000,1498,135544,124232,26076,5600,0,0,0,0,32,12,0,0,0,0,0,0,0,30584,116256,0,3056,912,1680,6890,11152,123150,0,0,0,0,51030,51468,25172,7810,4994,2524,2278,734,234,596,162712,26,8,8,2,67562,1264,12704,13216,na,na,na,na,na,na,na,na,25260,2299.79,162712,162712,160834,689,182,15782,161920,147006,1209600,1990,48,28,0,107587.2,8155.2,28964.16,56,134,0,0,2334,10720,58294,45178,29922,382,10,0,8,20,162712,0,2560,52,7070,5568,12498,24642,91532,2836,82,0,12,22,99702,21770,0,12,0,0,109374,162,26,0,8398,0,0,0,0,0,0,894,420,90,0,0,1858,404,7040,1216,0,0,0,0,1299830,236.86,174,39838,9288,5372,2154,7912,15368,21698,44784,426,0,0,0
33228,na,0,na,0,0,0,0,0,4566,181056,1532052,570434,16738,158,0,1130456,0,0,0,3964,5322,2110358,1914426,366070,153052,0,0,0,0,0,0,0,0,0,0,0,3490,295882,521446,1484186,0,3146,282,412,852,107208,2175274,17830,0,0,0,889412,479292,205784,157110,121964,109308,118060,181120,40600,2354,2480912,174,330,1292,12,1130456,24804,173682,191282,176460,176360,1310700,1310700,1310700,1310700,1310700,1310700,8320,33227.93,2480912,2480912,2453692,13389,56470,2826,56020,2305004,1209600,0,na,na,na,1912644.48,0,388307.52,na,na,0,0,46424,915878,1120292,195894,20042,5712,762,0,na,0,2480912,na,3840,454,47992,257612,91168,1617302,273630,13002,4,0,na,na,na,na,na,na,na,na,na,2364,164,0,0,0,0,0,0,0,0,13466,31094,5266,0,0,78100,9866,2892060,667896,0,0,0,0,4611520,na,na,409760,362876,273978,147510,404924,273086,259188,139294,34388,0,0,0
32056,na,2130706432,6090,0,0,0,0,0,0,3596,461400,4058114,1354910,59294,100,3011094,0,354,0,0,0,5408040,4440958,1071416,712584,0,0,139300,0,9580,556,0,0,0,0,0,1968,5705378,210682,19386,0,13004,9774,12808,19280,489784,5392132,632,0,0,0,2968884,1113234,563516,425674,371478,357862,136766,0,0,0,6482920,46,162,262,30,3011094,104366,466704,599816,238740,286740,161340,148020,125120,na,na,na,82900,32056.69,6482920,6482920,6502560,27567,11936,26490,403460,5937414,1209600,235804,2,308,0,4613651.52,0,1313014.08,0,4048,0,0,0,10462,311882,2339772,2690638,519782,60540,4338,160,170,6482920,na,23036,3744,677726,573482,273334,2742454,1591476,51354,806,2,10228,1346,290506,70560,0,642428,0,10,4751770,12004,674,0,0,0,0,0,0,0,0,76442,1766,798,0,0,132808,21386,87413240,9408770,803892,12570,0,0,178090,6432.84,6858,1370232,4142140,372690,24544,20324,2308,1758,1060,2358,0,0,0
328,0,2130706432,na,0,0,0,0,0,0,22,10668,30966,2144,62,0,15192,0,0,0,0,0,47920,39082,24522,2550,0,0,0,0,24,16,0,0,0,0,0,0,0,28318,15544,0,268,62,64,872,268,18178,24150,0,0,0,31434,5840,3060,1012,664,374,264,568,230,416,72504,4,16,288,4,15192,626,16962,7458,na,na,na,na,na,na,na,na,23900,328.99,72504,72504,69732,143,22,6796,71640,44062,1209600,0,na,na,na,21126.72,10103.04,11739.84,0,26,0,0,106,5166,17794,8560,11194,860,172,10,na,0,72504,0,1256,50,830,862,2226,25856,10982,1790,10,0,na,na,na,na,na,na,na,na,na,112,44,0,0,0,10106,0,0,0,0,670,6,24,0,0,348,60,345280,35032,51446,8,0,0,0,2.34,178,23432,6320,1246,916,388,1286,10202,72,0,0,0,0
1053244,na,na,na,na,na,0,0,0,0,126640,8328218,50167038,11752824,183796,516,27420032,274962,8424,na,1924,2846,57589686,48068962,20043244,7959268,na,0,0,0,na,na,0,0,0,0,5300,8435174,19547168,41720614,850772,0,57228,36724,57266,956470,51748542,17701688,1090,18,0,2,23080768,18032902,7916794,5959036,4851980,4416126,4780610,1495382,25412,16,77645290,na,na,na,na,27420032,1101308,12126924,7780698,387120,340640,316060,301960,405620,367560,305460,368980,11140,1053244.92,77645290,77645290,76602352,426357,na,na,51860,70559046,1209600,na,na,na,na,62528919.36,0,7986654.72,0,0,0,0,25948,3125304,33532380,30797050,2838354,206812,32608,572,na,na,77645290,na,52106,11630,624800,5259808,8922462,52898086,2755664,34468,2,0,na,na,na,na,na,na,na,na,na,na,na,na,na,na,na,na,na,na,na,613600,na,na,na,na,na,na,na,na,na,na,na,na,na,22625.1,28216,8337866,11821742,10083406,6184954,17469922,12383834,3314206,841788,120846,464,na,na
33052,na,2130706432,506,0,0,0,0,0,0,19928,620636,1063332,510378,24750,320,938120,0,0,0,724,1166,2021064,1779054,375256,208744,0,0,0,0,2654,354,0,0,0,0,530,25344,457590,1508704,247176,0,2538,816,872,30430,1281812,920574,2302,0,0,0,681598,607526,308344,232434,163984,106880,89962,48610,6,0,2397294,644,336,836,18,938120,25118,207774,166068,211540,na,na,na,na,na,na,na,159800,33051.01,2397294,2397294,2400272,13034,3352,116274,1183840,2239344,1209600,64284,2,74,0,1888456.32,0,348449.28,0,0,0,0,1334,223656,690108,939598,360928,19252,4238,230,112,118,2397294,na,4010,412,112122,137656,133742,1552062,291362,7924,54,0,718,926,1845054,1646,0,16270,0,66,1906618,1284,140,0,0,0,0,0,0,0,0,13512,22140,8846,0,0,47018,9218,8262120,858060,0,0,0,0,3051040,760.06,814,363190,394896,306018,157140,296970,237988,202930,116696,153316,10200,0,0
16570,0,na,na,0,0,0,0,0,0,61874,864100,1034814,410996,19580,0,997860,0,40,na,616,1216,2061220,1814572,505350,223890,0,0,0,0,2310,998,0,0,0,0,0,0,0,128778,2262586,0,22426,210,406,804,427690,1937624,2018,186,0,0,1542660,269560,130744,83792,62390,49194,35078,41724,23922,152300,2567276,32,210,358,0,997860,40362,220098,284346,213600,261420,0,0,0,0,0,0,27740,16570.44,2567276,2567276,2546696,8266,58272,na,145520,2397504,1209600,0,na,na,na,1033864.32,1181.76,1339717.44,4,200,0,0,4396,189312,1050046,900960,190216,50958,5102,374,na,0,2567276,0,22370,236,237248,1036136,107214,438958,515814,32760,628,0,na,na,na,na,na,na,na,na,na,6504,182,na,na,na,na,na,na,na,na,17988,10984,3470,90839890,709998,86520,19876,1754440,365138,2481676,2750,0,0,na,na,622,1381736,287762,164310,66152,102530,73868,87010,216100,11896,0,0,0
3154,na,138,132,0,0,0,0,0,0,86,13512,132370,22044,118,0,82024,0,0,0,0,0,160568,151296,17832,6262,0,0,0,0,192,68,0,0,0,0,0,0,63420,104710,0,0,152,44,54,92,43692,124092,4,0,0,0,72482,67564,19568,6752,1108,368,198,90,0,0,178422,2,586,92,0,82024,1446,10954,6850,na,na,na,na,na,na,na,na,17540,3154.73,178422,178422,182054,667,222,17620,178160,168130,1209600,2698,0,2,0,157516.8,0,10486.08,0,0,0,0,0,6704,76092,81526,3334,384,90,0,0,4,178422,na,210,36,896,7648,3080,107748,47148,1342,22,0,242,344,156524,124220,46,30,0,0,158206,82,38,0,0,0,0,0,0,0,0,610,406,192,0,0,1738,364,2740,298,0,0,0,0,2154760,106.82,70,11478,14494,5996,3014,6170,126616,352,10,0,0,0,0
288,0,16,10,0,0,0,0,0,0,26,18196,10238,0,0,0,12418,0,0,0,0,0,33630,27052,26702,2976,0,0,0,0,14,2,0,0,0,0,0,0,0,704,27756,0,1312,140,266,454,1762,24520,6,0,0,0,14764,8402,2294,1006,722,794,170,192,54,62,60374,4,4,2,0,12418,514,18240,8346,na,na,na,na,na,na,na,na,26240,288.72,60374,60374,60114,118,230,5784,59960,28532,1209600,790,0,10,0,16382.4,1450.56,9641.28,4,44,0,0,0,2960,18996,6326,130,30,18,0,4,30,60374,0,1214,38,216,856,2088,5868,16782,1304,94,0,12,4,16374,7580,0,0,0,0,18476,94,212,50,1452,0,0,0,0,0,0,482,0,0,0,0,318,82,340,208,0,0,0,0,0,124.1,86,12440,4344,1050,234,470,644,616,8662,0,0,0,0
2562,0,22,na,0,0,0,0,0,2420,51090,72256,44756,2118,0,0,82548,0,0,0,2046,5536,166914,151370,36352,9922,2,0,0,0,0,0,0,0,0,0,0,0,0,30560,142080,0,1774,16,30,52,96,165328,1238,4106,0,0,60292,30272,23884,17428,11300,8494,5578,5826,2950,6616,205372,18,84,14,10,82548,1780,17162,18732,na,na,na,na,na,na,na,na,35560,2561.05,205372,205372,202484,1072,57594,19946,204500,172806,1209600,0,na,na,na,131516.16,7672.32,32328.96,4,50,0,256,8502,30738,55222,58446,18196,1238,36,6,na,166,205372,0,1448,62,7714,5092,9484,86706,56370,5634,130,0,na,na,na,na,na,na,na,na,na,248,106,0,0,40,10074,0,0,0,0,1212,338,98,0,0,2422,464,360000,81758,30498,812,0,0,1561050,479.76,220,42136,16916,10576,7092,24626,6668,16272,47610,744,0,0,0
125658,0,0,380,0,0,0,0,0,0,0,0,0,0,0,0,2544958,0,0,0,440398,655014,5355906,5001242,1419392,598698,0,0,0,0,0,0,0,0,0,0,0,0,0,0,0,0,0,0,0,0,0,0,0,0,0,0,0,0,0,0,0,0,0,0,0,0,7217296,0,0,0,0,2544958,77626,360494,1057368,263460,229940,213420,217300,260500,na,na,na,223480,125658.32,7217296,7217296,966,0,0,105060,1155700,0,1209600,0,6,50,0,5797349.76,0,1176199.68,0,0,0,0,0,0,0,0,0,0,0,0,3068,0,7217296,0,0,0,0,0,0,0,0,0,0,0,528,2032,5877840,3195140,0,4,0,0,5878466,0,0,0,0,0,0,0,0,0,0,46622,0,0,0,0,0,0,0,0,160,0,0,0,0,0,0,0,0,0,0,0,0,0,0,0,0,0,0
92926,na,5654,5048,0,0,0,0,0,0,606,169856,4341734,2253496,128036,13438,2852216,0,0,0,0,0,6111828,5218292,1074686,758900,0,0,9804,0,26864,2884,0,0,0,0,0,256,410928,5893918,602064,0,4506,1380,2582,222454,5115258,1557942,3044,0,0,0,2088500,1570646,779400,632196,508038,423164,546838,358384,0,0,7187948,122,32,94,40,2852216,87166,530400,538182,192660,160300,182980,174860,185500,na,na,na,163040,92925.47,7187948,7187948,7194788,47743,1084,104852,1122940,6907166,1209600,227396,2,138,0,6078867.84,0,822951.36,0,0,0,0,0,30416,769764,4071346,1941892,78182,14730,836,32,42,7187948,na,11090,1496,95616,458586,286326,4700062,1320788,32994,208,0,9694,8068,5674134,5984,0,308,0,0,6119852,6026,522,0,0,0,0,0,0,0,0,50188,75190,13104,0,0,202824,37538,2047940,302808,0,0,0,0,28807570,2761.66,3392,857998,1964528,1073508,452640,860396,788778,447746,205384,241924,14264,0,0
28512,na,1238,946,0,0,0,0,0,0,524,270728,1025808,470678,33856,2048,810568,0,0,0,0,0,1638196,1415594,690562,175056,0,0,416,0,1930,366,0,0,0,0,0,15376,746806,945032,96428,0,3852,2136,3746,24598,1105418,662410,1482,0,0,0,601358,450242,164770,111176,82986,61020,55948,257374,18768,0,2329166,30,716,246,12,810568,22248,530146,158824,296900,na,na,na,na,na,na,na,389460,28512.78,2329166,2329166,2331370,13566,19316,109108,1115020,1803642,1209600,50660,0,144,0,1536439.68,5975.04,258520.32,0,0,0,0,0,57954,516704,961374,252020,13352,2096,142,304,312,2329166,na,4264,396,29908,129136,89910,903566,628392,17570,500,0,1498,1004,1181150,220378,66,30054,0,0,1553906,1342,546,0,0,120,6034,0,0,0,0,11910,15856,2788,0,0,50774,9136,526740,220010,2288744,3814,0,0,2175150,810.14,922,278318,326756,189058,84856,160188,248376,143518,109184,236572,26816,0,0
432,na,22,12,0,0,0,0,0,19248,19758,7398,2672,0,0,0,13342,0,0,0,7160,11232,33022,na,28794,na,0,0,0,0,64,66,0,0,0,0,0,0,0,20694,28382,0,1510,602,1158,3518,5186,37102,0,0,0,0,26838,6892,10172,3298,758,366,280,440,26,6,69058,26,36,6,0,13342,660,na,na,na,na,na,na,na,na,na,na,27940,431.54,69058,69058,66266,198,0,6336,68240,49378,1209600,1150,0,16,0,25936.32,0,22311.36,30,78,0,1280,32948,10278,3568,956,34,12,0,0,8,14,69058,na,1138,18,1118,1516,3472,40886,928,0,0,0,18,166,25578,12598,0,6,0,0,28448,190,204,0,0,0,0,0,0,0,0,854,12,2,1706,400,610,90,1180,118,120,12,0,0,0,100.92,116,23806,6886,1634,694,1608,2930,11230,260,28,0,0,0
1300,na,24,na,0,0,0,0,0,3244,7072,63324,30818,686,0,0,42816,0,272,0,3478,6560,109574,93962,37788,9334,0,0,0,0,0,0,0,0,0,0,0,0,24564,65298,15282,0,400,90,114,1136,560,102842,2,0,0,0,45422,25256,6010,4166,3294,3132,3730,13676,458,0,150984,34,46,58,0,42816,1600,21828,15840,na,na,na,na,na,na,na,na,36680,1299.48,150984,150984,148832,629,15256,14356,149860,105144,1209600,0,na,na,na,74114.88,0,29794.56,0,38,0,3094,4026,25520,37192,31002,3948,224,106,32,na,24,150984,na,1588,90,926,1568,5118,27804,60672,6842,532,4,na,na,na,na,na,na,na,na,na,304,82,0,0,0,0,0,0,0,0,1292,410,96,0,0,1426,190,67940,28572,0,0,0,0,299510,251.26,256,32818,17478,5046,3702,7518,7434,11158,16998,2992,0,0,0
12792,na,1396,1114,0,0,0,0,0,0,227386,948246,189098,780,0,0,523978,0,0,0,0,0,1108800,870782,381494,210436,0,0,0,0,832,256,0,0,0,0,0,0,0,190948,1174562,0,1924,1296,1086,2632,20200,1337898,474,0,0,0,551616,445988,138684,87590,52462,34994,31782,22394,0,0,1490554,656,1158,1810,6,523978,20744,127740,253280,312620,na,na,na,na,na,na,na,66200,12792.29,1490554,1490554,1466498,5446,78,25858,278020,1365510,1209600,69534,2,94,0,905131.2,0,458253.12,34,214,0,0,9448,646774,642078,60880,4574,1434,322,0,0,278,1490554,na,2600,310,806,356736,36282,325930,616988,25450,408,0,1608,414,937278,215048,0,8496,0,0,938254,3902,846,0,0,0,0,0,0,0,0,11020,3070,686,0,0,51456,8030,2960580,296422,0,0,0,0,11792280,648.72,678,482504,314056,170086,52698,85596,167106,31816,61642,6,0,0,0
2038,na,258,250,0,0,0,0,0,0,1568,84402,33472,254,0,0,53070,0,0,0,0,0,112800,100694,20810,8194,0,0,0,0,176,40,0,0,0,0,0,7388,81770,14226,16312,0,1368,28,24,72,3556,114644,4,0,0,0,31684,62082,14578,7170,2592,614,772,196,8,0,133636,0,2,926,0,53070,1398,11670,9106,na,na,na,na,na,na,na,na,20540,2037.34,133636,133636,135288,468,0,13100,133240,119696,1209600,3060,2,8,0,105015.36,0,13320,0,0,0,0,0,36642,77510,4696,658,184,6,0,0,4,133636,na,1476,24,76,5472,1988,26824,81040,2718,78,0,402,246,106244,68218,0,32,0,18,106252,112,48,0,0,0,12,0,0,0,0,706,476,184,0,0,2222,638,140,14,123922,44,0,0,1035160,72.16,76,15724,12152,6018,2864,8786,68924,4488,658,82,0,0,0
58834,na,156,154,0,0,0,0,0,0,31802,1036678,1800570,852910,64742,2434,1720384,0,0,0,0,0,3496658,3116002,620752,304698,0,0,0,0,292,84,0,0,0,0,0,38058,1136354,1992084,622640,0,2874,2244,3236,32182,2199720,1547976,904,0,0,0,1244132,958974,460054,338880,263188,242428,266690,14790,0,0,4118258,664,1264,692,56,1720384,50178,416838,202574,161340,183260,169200,na,na,na,na,na,99380,58833.77,4118258,4118258,4120092,22868,1022,44472,479840,3789136,1209600,100408,0,86,0,3288012.48,0,498392.64,0,0,0,0,566,458644,1388490,1446378,468114,22678,4128,138,36,40,4118258,na,5164,686,155116,162334,231668,2916032,301312,16694,130,0,254,220,3301438,142878,0,1442,0,18,3328928,2032,184,0,0,0,0,0,0,0,0,25114,28818,8618,0,0,145426,26144,17820,3022,0,0,0,0,2328640,1698.2,1644,535160,530126,464444,255756,588582,669002,573762,144096,28182,26,0,0
12,0,18,16,0,0,0,0,0,0,2708,3604,3448,0,0,0,1090,0,0,0,0,0,8754,6800,5968,1032,0,0,0,0,10,8,0,0,0,0,0,0,0,0,9760,0,62,212,902,30,44,3902,4608,0,0,0,8178,510,108,68,178,26,460,60,22,150,14732,0,0,2,0,1090,176,3384,2562,na,na,na,na,na,na,na,na,5820,13,14732,14732,16386,30,0,1414,14520,9804,1209600,342,2,6,0,2719.68,0,5946.24,2,10,0,0,2512,3576,2668,998,6,0,0,0,0,0,14732,0,1180,16,12,14,218,2302,5134,872,12,0,14,8,2930,66,0,0,0,0,2932,46,30,0,0,0,0,0,0,0,0,224,0,0,0,0,32,12,3100,304,7114,6,0,0,0,0.84,42,7336,2158,126,16,34,18,28,44,0,0,0,0
14,0,8,6,2,2,0,0,0,0,6,2786,3108,0,0,0,1740,0,0,0,0,0,11686,10416,5256,194,0,0,0,0,12,44,0,0,0,0,0,0,0,0,5900,0,58,34,26,310,694,224,4554,0,0,0,4562,386,138,68,56,26,366,106,92,100,16942,0,10,0,0,1740,128,4106,1134,na,na,na,na,na,na,na,na,5200,13.96,16942,16942,17868,23,0,1636,16860,5926,1209600,334,0,0,0,2272.32,0,2693.76,0,12,0,0,0,1520,3336,310,734,0,0,0,6,10,16942,0,978,16,12,4,814,1376,1934,740,26,0,2,68,2492,168,0,0,0,0,2492,24,60,0,0,0,0,0,0,0,0,94,0,0,618,186,112,24,40,4,0,16,0,0,0,82.84,30,3766,1932,48,24,28,102,0,0,0,0,0,0
2502,na,406,336,0,0,0,0,0,0,3466,142778,111682,5454,0,0,108508,0,328,0,0,0,235720,190108,118794,25632,0,0,0,0,174,22,0,0,0,0,0,38010,204270,4328,16772,0,2190,194,240,370,55674,204562,150,0,0,0,156736,57930,22488,10140,7022,4976,3810,278,0,0,354730,0,564,140,0,108508,5098,73746,44286,na,na,na,na,na,na,na,na,116760,2501.27,354730,354730,354776,632,2170,31310,352760,263380,1209600,12566,0,20,0,182160.96,0,79276.8,0,0,0,0,0,75444,129710,49310,7192,1428,296,0,2,8,354730,na,2878,148,366,13990,35268,77864,123424,9438,4,0,482,46,176970,51588,0,308,0,0,186830,722,326,0,0,0,0,0,0,0,0,3088,1166,354,0,0,10916,1872,20140,5548,0,0,0,0,605070,491.52,434,85708,71636,23534,6964,12598,57276,1854,1242,2326,242,0,0
396,0,2130706432,8,0,0,0,0,0,0,26474,19180,6142,0,0,0,15080,0,0,0,2496,5706,42798,33362,26542,5970,0,0,0,0,12,12,0,0,0,0,0,0,0,14974,36822,0,280,134,234,1290,3608,21644,22026,2580,0,0,33450,12278,2558,1366,742,438,606,238,74,46,71926,16,50,18,0,15080,626,12924,13228,na,na,na,na,na,na,na,na,25740,396.58,71926,71926,70444,190,0,6802,71080,51946,1209600,1550,6,16,0,24758.4,10183.68,15932.16,4,46,0,0,17322,23212,10104,1146,12,0,0,0,0,4,71926,0,1090,24,84,2404,8046,36610,3526,12,0,0,10,18,27218,8734,0,2,0,0,27438,166,136,20,10182,0,0,0,0,0,0,794,6,6,12816,4940,778,148,128500,12856,2,14,0,0,0,203.04,146,27426,6730,2844,1186,3120,4368,5692,430,0,0,0,0
1878,na,274,210,0,0,0,0,0,0,198,80272,51754,6392,0,0,56994,0,0,0,0,0,133558,113338,50042,12900,0,0,0,0,154,164,0,0,0,0,0,574,138042,0,0,0,184,30,80,98,16098,122048,78,0,0,0,65792,49336,12198,4830,1756,1182,1388,2134,0,0,183688,30,648,38,0,56994,1932,32754,17202,na,na,na,na,na,na,na,na,49380,1878.04,183688,183688,184596,458,0,17902,182800,138616,1209600,5114,2,8,0,108868.8,0,29535.36,0,0,0,0,0,30014,76958,28268,2596,680,100,0,0,4,183688,na,418,50,526,14818,4562,50804,63764,3634,40,0,380,430,110504,26448,0,2,0,48,111320,204,102,0,0,0,0,0,0,0,0,1196,716,194,0,0,5238,1126,2300,228,0,0,0,0,306330,118.66,142,31866,23644,9582,5640,19780,38540,1822,1274,4794,1674,0,0
40044,na,258,252,0,0,0,0,0,1356,201246,1147062,1302696,182426,1832,0,1259970,0,0,0,2352,4748,2335378,1828178,743022,450906,0,0,0,0,1012,238,0,0,0,0,0,0,165288,2650522,20808,0,2178,674,1254,265034,1714268,850274,2936,0,0,0,831524,841290,276294,197546,177760,235158,275830,1216,0,0,3081440,0,14,122,14,1259970,51166,359822,381786,315620,275180,na,na,na,na,na,na,145620,40044.3,3081440,3081440,3087124,17234,90072,61500,655300,2836618,1209600,98178,2,114,0,2395866.24,0,438200.64,0,0,0,0,25880,466196,1085800,921510,313280,19524,3968,460,40,44,3081440,na,4886,636,102142,277832,153792,1570756,697790,28472,312,0,400,726,1206420,30900,0,7704,0,40,2418804,3012,960,0,0,0,0,0,0,0,0,25238,21948,5066,0,0,114230,28012,2719420,528830,0,0,0,0,1176310,1443.12,1462,464954,604452,373326,150504,317232,349198,287810,180892,107358,892,0,0
10,0,218,4,0,0,0,0,0,0,25140,14950,3364,0,0,0,19348,0,56,0,208,444,55588,47188,40844,3068,0,0,0,0,42,562,0,0,0,0,0,0,0,7304,36150,0,266,100,162,2918,980,27344,11684,0,0,0,27752,9050,2200,838,828,436,2058,170,72,50,96710,8,2,0,0,19348,718,34600,5900,na,na,na,na,na,na,na,na,40240,9.21,96710,96710,98068,170,0,9202,96060,43572,1209600,2162,0,0,0,20154.24,1015.68,18888.96,2,40,0,0,16008,16650,7532,3054,210,0,0,0,0,40,96710,0,3560,16,930,1788,14908,21010,1242,0,0,0,6,10,568,0,0,0,0,0,574,92,150,0,0,0,1014,0,0,0,0,622,0,0,12392,2562,850,290,115940,11604,49582,92,0,0,0,195.18,112,23762,8464,2666,962,1188,1810,598,4004,0,0,0,0
1406,na,352,286,0,0,0,0,0,0,128,26278,90892,10014,0,0,53078,0,0,0,0,0,121250,106486,26436,8952,0,0,0,0,64,124,0,0,0,0,0,0,81894,13900,31518,0,178,72,74,164,29056,97756,12,0,0,0,73908,43628,7804,1834,124,14,0,0,0,0,147754,6,526,56,0,53078,1850,12214,14170,na,na,na,na,na,na,na,na,26040,1405.18,147754,147754,147650,318,236,14434,147160,127312,1209600,5298,2,10,0,98426.88,0,28696.32,0,0,0,0,0,910,95778,28836,1530,248,10,0,0,6,147754,na,340,46,688,25968,6378,32416,58616,2806,54,0,332,150,96656,31172,0,420,0,16,100082,374,26,0,0,0,0,0,0,0,0,876,66,48,0,0,2694,766,559920,56138,0,0,0,0,405220,105.86,120,31520,36082,7314,3342,13480,31564,3098,672,240,0,0,0
3198,na,64,na,0,0,0,0,0,0,422,55520,192446,72170,4046,912,136342,0,0,0,0,0,284570,228402,91922,37230,0,0,0,0,0,0,0,0,0,0,0,0,270236,55280,0,0,1106,852,1618,3506,113454,204700,278,2,0,0,179540,77314,24546,12004,5886,6202,8812,10578,634,0,376712,34,40,148,0,136342,4618,39462,51672,na,na,na,na,na,na,na,na,90160,3197.36,376712,376712,376232,1296,7646,36396,374700,325516,1209600,0,na,na,na,221586.24,0,103379.52,0,0,0,0,212,17168,130796,157206,18340,1654,126,14,na,14,376712,na,1204,154,6724,30002,31170,111912,135050,9186,114,0,na,na,na,na,na,na,na,na,na,448,150,0,0,0,0,0,0,0,0,3030,1160,360,0,0,7880,1202,751820,100814,0,0,0,0,0,435.52,404,106192,73662,54080,9212,32484,26228,19412,4224,22,0,0,0
1545076,na,na,na,na,na,10468,1037024,6843896,22065578,34146598,25982886,4803716,267640,7686,0,27845040,127898,0,na,13069858,21690388,59689540,62491526,30345714,7679748,na,0,0,0,na,na,0,0,0,0,0,0,524974,63640676,30999842,0,120310,51030,49412,77324,68751708,26115680,24,4,0,0,10967832,23138494,17443344,11402312,8996626,6263726,5005226,6422952,3190804,2334176,103108846,na,na,na,na,27845040,794240,11457722,18856656,274100,259120,264540,267580,315420,312580,367100,369140,87080,1545075.65,103108846,103108846,102245518,560634,na,na,205180,95165492,1209600,na,na,na,na,75959315.52,0,19175233.92,3064,10778,316626,6443728,20367188,21361758,27983488,15912128,2558682,198512,23260,122,na,na,103108846,na,59546,12772,7338132,9157520,13531162,63104488,1936066,25806,0,0,na,na,na,na,na,na,na,na,na,na,na,na,na,na,na,na,na,na,na,667314,na,na,na,na,na,na,na,na,na,na,na,na,na,32619.24,23408,19728830,6759632,4819454,2445674,7390698,28241196,19006014,6119608,653784,602,na,na
90720,na,0,na,0,0,0,0,0,16646,285996,2438876,2846756,372908,1704,0,2977138,0,0,0,8382,13552,5252014,4630058,1048384,543208,0,0,0,0,0,0,0,0,0,0,0,93812,2810438,1621238,1437398,0,4346,876,1490,4610,1482852,4429452,39254,6,0,0,2190522,1041918,491400,391292,311828,292880,363838,600960,250400,27848,6309540,232,1380,3380,220,2977138,78688,577126,466840,171140,196780,193040,201960,238260,1310700,1310700,1310700,37640,90719.74,6309540,6309540,6247722,41426,713770,19370,251680,5962886,1209600,0,na,na,na,5303105.28,0,653599.68,na,na,0,0,94572,1175426,2649326,1866944,151286,22552,2774,6,na,0,6309540,na,5922,790,315778,263114,375300,4505214,471978,24790,0,0,na,na,na,na,na,na,na,na,na,3212,126,0,0,0,0,0,0,0,0,41864,107612,20570,0,0,229242,41990,6424320,1978572,0,0,0,0,15262320,na,na,685252,1095254,878334,488152,945004,828520,677250,223680,139900,1540,0,0
1610,2,92,na,0,0,0,0,0,1260,61008,101326,78508,0,0,0,na,na,na,na,na,na,na,na,na,na,4,na,na,na,116,86,0,0,0,0,0,0,0,19864,222238,0,75842,44,118,116,166,3010,149826,8594,4386,0,109876,27638,40756,14174,8170,12794,7658,20600,390,46,na,20,26,84,0,na,na,na,na,na,na,na,na,na,na,na,na,na,1610.9,na,na,na,1128,0,na,na,na,na,4742,na,na,na,91551.36,32912.64,42618.24,0,80,0,210,28796,42080,70916,37032,47496,15412,160,0,na,208,na,0,76006,138,132,8148,9132,44886,96420,7240,0,0,na,na,na,na,na,na,na,na,na,490,152,na,na,na,na,na,na,na,na,na,20,2,0,0,2852,668,0,0,0,0,0,0,na,na,320,151832,21600,9092,4178,7606,9532,11540,26722,0,0,0,0
30,0,2130706432,12,0,0,0,0,0,0,4,3722,2096,0,0,0,2330,0,0,0,0,0,5524,3218,19070,944,0,0,0,0,0,20,0,0,0,0,0,0,0,0,5822,0,54,8,4,1112,24,1966,2654,0,0,0,3204,792,248,180,240,94,106,664,156,138,24602,0,0,0,0,2330,168,17586,1472,na,na,na,na,na,na,na,na,18960,29.25,24602,24602,26322,29,130,2394,24460,5858,1209600,482,2,4,0,3225.6,0,1482.24,0,16,0,0,0,2862,1678,728,546,8,0,0,0,4,24602,0,1170,12,4,38,368,1156,2200,866,8,0,8,26,2524,40,0,188,0,0,3416,40,50,0,0,0,0,0,0,0,0,164,0,0,0,0,332,44,11600,2488,0,0,0,0,0,0.56,30,2708,2180,344,120,238,114,60,58,0,0,0,0
1442,na,24,22,0,0,0,0,0,13792,56422,31266,4102,0,0,0,40332,0,0,0,8804,13342,82972,74820,35456,9572,0,0,0,0,66,30,0,0,0,0,0,0,0,46798,58784,0,1232,190,848,3388,6532,93392,0,0,0,0,36834,31114,26312,7322,2268,584,388,636,104,20,127310,6,34,156,2,40332,1100,18100,16908,na,na,na,na,na,na,na,na,34520,1442.64,127310,127310,126334,484,0,12276,126560,105582,1209600,2472,0,10,0,74261.76,6451.2,23721.6,6,40,0,10686,24164,62594,6540,1464,134,0,0,0,4,10,127310,na,1162,44,6842,5268,17972,73504,790,0,0,0,24,68,76020,33030,0,2,0,0,76026,368,144,40,8118,0,0,0,0,0,0,1018,144,26,0,0,2042,308,240,26,0,0,0,0,442660,104.16,118,32328,10238,6566,2806,8782,15346,7114,22384,18,0,0,0
314,2,2130706432,2,0,0,0,0,0,7238,21680,28588,7638,0,0,0,31392,0,0,0,5338,7566,116608,109578,117656,4000,0,0,0,0,18,8,0,0,0,0,0,0,0,12924,52220,0,690,304,500,1740,1428,39000,15266,6216,0,0,48450,8854,4332,1504,542,214,504,296,128,320,239716,2,26,6,0,31392,930,105400,11236,na,na,na,na,na,na,na,na,116500,314.08,239716,239716,237328,211,120,23482,238540,65430,1209600,1648,4,10,0,22036.8,13325.76,28874.88,60,168,0,74,18490,17828,18132,7972,2498,136,14,0,2,18,239716,0,1580,86,666,7792,7054,16626,27794,3440,106,0,4,106,23208,3372,0,10,0,0,24714,276,132,0,106,280,23168,0,0,0,0,1108,0,0,0,0,546,112,42280,4562,0,0,0,0,0,5.06,316,44064,7504,2826,1204,3378,2790,1662,1716,0,0,0,0
244662,na,42680,42680,0,0,0,0,0,0,311516,6393016,32463778,19472418,3041868,81860,30587372,0,0,0,0,0,54189270,46768680,9356168,7034910,0,0,2686,0,258938,44428,0,0,0,0,0,0,59993818,1244534,526104,0,58800,71894,229368,10943720,47564172,2876748,19338,398,14,4,41647126,7297688,4076556,3392680,2692586,1614902,909688,133074,156,0,63547314,1004,1148,5000,2362,30587372,1168830,4227560,5120900,158180,186260,177420,184880,188760,190200,183820,180500,89880,244662.8,63547314,63547314,63326582,229851,2948386,43714,594780,61764456,1209600,2485268,23044,8068,0,42964283.52,1720574.4,17022851.52,0,0,0,0,1118,354964,3236348,19501802,30321676,7309264,992760,46524,24650,25736,63547314,na,27450,7452,16561768,3366010,8945404,30863582,1979194,13592,4,0,38384,265066,103766,92908,5148,7653982,0,0,40459086,193588,1188,0,0,49720,1753474,0,0,0,0,579292,7256,1732,0,0,1967732,253746,172174720,22862892,471872,2602192,0,0,157447660,11627.16,12474,19731660,39455862,2572072,2962,1732,128,40,0,0,0,0,0
35262,na,390,240,0,0,0,0,0,1240,942576,1846036,598218,39078,104,0,1505618,0,0,0,8670,14742,2821954,2353724,1174762,395666,0,0,0,0,1308,658,0,0,0,0,0,0,1754,1970322,1455176,0,4404,1272,1772,3386,254346,3162070,2,0,0,0,1543778,968128,286268,162872,93036,64698,53600,64814,85586,104472,4005892,2160,68,12428,282,1505618,62438,590766,582914,324880,355500,399040,na,na,na,na,na,89660,35262.31,4005892,4005892,4010098,13599,414,32760,371460,3427252,1209600,119844,822,144,0,2276931.84,347486.4,797631.36,0,900,0,0,99976,1629788,1275124,382624,33462,5566,704,8,538,592,4005892,na,4600,958,785280,404628,295348,1758220,175172,3046,0,0,290,984,2226328,808538,0,3002,0,0,2327988,5570,310,0,0,27420,361406,0,0,0,0,31920,5528,1774,5499956,940054,128320,20830,38320,6330,3936932,8036,0,0,0,2257.4,1958,1192856,676308,410244,146482,144284,180292,433810,242370,606,0,0,0
38072,0,122,120,0,0,0,0,0,0,148036,1456864,619186,43882,968,0,1055584,0,0,0,1096,1908,2065512,1828886,464560,176212,0,0,0,0,40,396,0,0,0,0,0,0,49964,856942,1362030,0,1896,4026,9060,14554,26126,159598,2053676,0,0,0,1064128,537814,204750,140528,94376,64464,45144,36790,27938,53004,2531664,3234,2566,1004,0,1055584,23030,213180,250262,219460,227920,na,na,na,na,na,na,12680,38071.14,2531664,2531664,2498864,10674,58,7354,106720,2270138,1209600,57136,0,24,0,1938265.92,0,328987.2,294,850,0,0,7370,202918,742708,1000176,257904,54308,3486,66,88,94,2531664,0,3724,422,169952,121542,61042,1729298,176352,6498,106,0,140,810,1959092,1231736,0,874,0,0,1959178,4304,78,0,0,0,0,0,0,0,0,11662,4158,1516,2281000,363180,54880,9208,500,90,2439578,11516,0,0,0,848.48,972,349220,241292,171602,64000,212432,100384,1106048,23576,372,10,0,0
182672,na,572,494,0,0,0,0,0,0,88736,2099112,6739496,2186996,81460,2606,973574,0,0,0,690,1198,1951106,1697490,342590,220290,0,0,0,0,810,224,0,0,0,0,0,175744,3725466,6008794,1288402,0,11436,10190,17746,215188,8235574,2707666,606,0,0,0,3850726,2576424,1039110,891570,762868,650070,658632,766160,2846,0,2294720,240,64,480,24,973574,27778,202966,139060,199680,na,na,na,na,na,na,na,139540,182672.73,2294720,2294720,11891328,74262,6452,105986,1080880,11198406,1209600,323504,2,452,0,10167637.44,0,1023606.72,0,0,0,0,16876,483388,4165856,5596170,880574,46190,9198,154,112,146,2294720,na,15276,1870,242388,499056,533278,7649048,2198536,58604,350,0,1148,634,9956566,100722,66,91214,0,0,10294390,5590,464,0,0,0,0,0,0,0,0,14700,206486,35712,0,0,388068,59718,395740,79318,0,0,0,0,5042990,3989.76,4160,1107780,1853142,1480590,811988,1788880,1521544,1117972,631252,844298,40960,0,0
30726,na,0,na,0,0,0,0,0,0,40548,1476380,414004,928,0,0,898688,0,132,0,0,0,1787498,1649548,245100,98114,0,0,0,0,0,0,0,0,0,0,0,1414,164858,125708,1639880,0,4340,944,1278,2088,174144,1749038,28,0,0,0,595214,612632,330328,157736,78624,56424,65618,35038,246,0,2033108,160,266,578,164,898688,20512,98846,145430,157460,1310700,1310700,1310700,1310700,1310700,1310700,1310700,83000,30726.64,2033108,2033108,2014686,na,237132,79512,818600,1931860,1209600,0,na,na,na,1696912.32,0,207358.08,na,na,0,0,1164,927300,891374,97730,11690,2430,172,0,na,0,2033108,na,4646,364,92390,132928,236782,1397600,65734,1416,0,0,na,na,na,na,na,na,na,na,na,1786,138,0,0,0,0,0,0,0,0,9988,16004,3174,0,0,51872,8526,7952280,930484,0,0,0,0,2028900,na,na,232380,255118,149826,110326,554152,571092,55028,2970,968,0,0,0
1055366,na,0,na,0,0,0,0,0,37920,2683752,18918672,32682034,7462038,56238,508,31088700,0,0,0,73250,109676,55680254,48751448,12604960,5682600,0,0,490,0,0,0,0,0,0,0,0,6952130,31158978,23055602,674452,0,119076,72792,139084,250700,26696726,34558240,4492,42,10,0,17814566,10176308,4146896,3261320,2792514,3022434,5007778,9875140,4512710,1231496,68371902,2128,1578,2018,666,31088700,823886,8527718,4053470,281480,278680,256880,231980,272640,210060,203420,285180,141380,1055366.78,68371902,68371902,67504888,540092,6154712,91474,488740,61841162,1209600,0,na,na,na,57186447.36,0,4583421.12,0,0,0,2286,617286,7582842,26602872,23785130,2913408,285962,50544,832,na,0,68371902,na,70184,12996,2297076,2243594,12167540,42378592,2637356,33822,2,0,na,na,na,na,na,na,na,na,na,43796,1120,0,0,0,0,0,0,0,0,473792,1297310,224386,0,0,2346498,382418,58377580,13945256,0,0,0,0,951015400,27816.8,33584,4811068,12146190,8784338,3911740,7077804,5436770,4847948,3806092,10020354,998858,0,0
2532,0,24,20,0,0,0,11216,46056,95052,22490,25702,6304,0,0,0,49268,0,0,0,69024,95812,100384,149092,55274,5458,2,0,0,0,316,230,0,0,0,0,0,0,0,33520,173300,0,12722,710,746,700,4262,106332,15662,65686,0,0,97048,45636,22078,17424,12132,5928,3990,2254,254,76,224806,86,48,230,0,49268,1622,12772,42360,na,na,na,na,na,na,na,na,54360,2532.66,224806,224806,228730,1315,0,22026,223620,207066,1209600,2806,0,36,0,126793.92,10915.2,65322.24,44,236,38932,76906,63290,16066,8024,3494,106,2,0,0,0,78,224806,0,4118,70,5468,10436,53980,131154,1586,8,0,0,32,410,126300,44272,0,2,0,0,131774,340,460,0,0,170,11112,0,0,0,0,2222,846,142,0,0,2588,516,2160,214,0,0,0,0,1532660,377,274,81338,17310,5228,3778,16702,14650,25286,42360,168,0,0,0
4198,na,2130706434,140,0,0,0,0,0,0,4530,152374,221818,46302,814,0,169476,0,0,0,0,0,410560,325730,138812,53766,0,0,0,0,254,52,0,0,0,0,0,2966,134640,272132,16100,0,1852,228,362,232,2990,419426,748,0,0,0,204210,101720,48666,25320,15542,13378,15758,1244,0,0,549730,0,6,248,8,169476,6202,71400,67074,na,na,na,na,na,na,na,na,136120,4197.29,549730,549730,547406,1384,1074,53040,546660,425838,1209600,18684,2,70,0,308783.04,0,114872.64,0,378,0,0,0,74768,127364,161944,51216,8790,1630,126,100,124,549730,na,3032,224,848,58478,26476,156636,175042,5102,0,0,208,182,248782,64580,0,3918,0,10,324202,1226,138,0,0,0,0,0,0,0,0,4350,1652,860,0,0,12788,2014,943260,101064,0,0,0,0,960180,464.92,592,122600,112040,63638,18408,21454,81556,3650,1176,1126,190,0,0
756,0,26,na,0,0,0,0,0,35516,11602,7614,1244,0,0,0,11576,0,0,0,13636,20106,37706,39210,47964,3902,2,0,0,0,16,12,0,0,0,0,0,0,0,44,55932,0,246,96,74,810,688,27668,23144,3250,0,0,28042,12836,8616,2592,1464,768,388,594,220,456,99398,4,0,0,0,11576,592,34302,13298,na,na,na,na,na,na,na,na,47140,756.03,99398,99398,98390,243,2296,9496,98600,56106,1209600,0,na,na,na,38036.16,0,16957.44,2,56,0,3788,16538,8682,24268,1966,730,4,0,0,na,0,99398,0,1234,32,250,354,398,5474,44344,3806,84,0,na,na,na,na,na,na,na,na,na,180,90,0,0,0,0,0,0,0,0,912,12,12,10300,1370,524,114,280000,33536,98606,30,0,0,0,171.98,124,18808,6676,762,286,1768,2476,2028,23162,10,0,0,0
53908,na,246,226,0,0,0,0,0,0,94,38582,2727618,1085760,81532,2120,1580786,0,0,0,0,0,3538284,3120454,726302,370544,0,0,0,0,1096,184,0,0,0,0,0,16980,1079316,1852760,986650,0,1466,608,4044,238678,3188890,501110,910,0,0,0,1535342,807994,334088,320082,366908,426808,144484,0,0,0,4264876,0,26,260,14,1580786,43346,442404,280996,246620,176680,195720,na,na,na,na,na,102600,53908.12,4264876,4264876,4271912,22529,1792,60758,631020,3935706,1209600,124008,4,120,0,3047702.4,0,886060.8,0,0,0,0,0,1080,632774,2038490,1195080,62318,5280,684,82,88,4264876,na,3726,518,283482,482156,254426,2449152,454440,7638,168,0,366,480,3000194,19512,0,244,0,34,3077506,2416,532,0,0,0,0,0,0,0,0,22172,60342,16114,0,0,110664,18572,8042260,826816,0,0,0,0,7972940,802.94,978,918716,642146,418562,220072,476240,411210,341230,198318,289482,19730,0,0
676,na,60,52,0,0,0,0,0,0,62,9048,32864,68,0,0,18004,0,0,0,0,0,42972,38702,7416,2804,0,0,0,0,128,46,0,0,0,0,0,0,41068,974,0,0,52,24,20,40,3274,38622,10,0,0,0,20806,15038,4476,1346,250,58,48,20,0,0,50410,48,10,256,0,18004,478,4126,3270,na,na,na,na,na,na,na,na,7260,675.92,50410,50410,53546,148,330,4938,50280,42042,1209600,1082,0,6,0,36060.48,71.04,5855.04,0,0,0,0,0,2234,29850,9502,332,104,20,0,0,4,50410,na,108,16,584,1412,788,10216,27182,1588,148,0,84,216,36226,26438,0,34,0,20,36858,60,52,0,0,50,144,0,0,0,0,232,92,24,0,0,810,158,1860,672,17390,52,0,0,0,34.62,40,6498,5514,1150,416,1480,26958,26,0,0,0,0,0
372762,na,6282,na,0,0,0,0,12396,1199334,7876494,8469492,2807020,241330,2138,0,11098412,0,0,0,627708,862834,17556152,16209112,4756070,1568948,0,0,0,0,9544,3126,0,0,0,0,0,0,105362,9503314,10999528,0,11218,6030,8332,14298,14104200,6464124,2,0,0,0,4914586,6804974,5081490,1783228,754188,443900,283208,245746,148740,148144,22941510,4990,4896,2884,0,11098412,292576,2259294,2492570,244220,239920,247820,254940,268080,236480,242480,284340,263980,372761.2,22941510,22941510,22904762,93003,336888,94194,1147180,20608204,1209600,0,na,na,na,17866878.72,0,2721132.48,28,1838,0,601816,4280898,9949170,4166628,1400848,184256,22646,1942,0,na,0,22941510,na,11878,2452,1605178,1419750,946504,15281696,1294258,46462,26,0,na,na,na,na,na,na,na,na,na,19376,350,0,0,0,0,0,0,0,0,137458,56664,11672,21668932,3116004,615404,96656,22395680,2533298,21877858,205908,0,0,90790820,6242.3,5376,2920254,2295424,1197314,409994,1027640,742650,481618,11244996,288254,60,0,0
43024,na,526,498,0,0,0,0,0,0,4930,446704,1152876,828890,54106,2662,1181334,0,0,0,0,0,2278492,2024982,416274,221518,0,0,0,0,1056,114,0,0,0,0,0,206666,482284,1728562,72656,0,1856,1534,1670,117338,2099168,268552,50,0,0,0,572808,556418,217064,191454,182302,181728,257364,330314,716,0,2695174,240,480,348,24,1181334,28322,271554,144180,173940,150160,na,na,na,na,na,na,88040,43023.32,2695174,2695174,2705888,21335,30382,25284,271540,2490168,1209600,69398,2,50,0,2200257.6,0,288283.2,0,0,0,0,0,58716,696032,1112122,593276,24712,4974,336,28,32,2695174,na,3530,506,66478,104244,135022,1090246,1072158,17764,220,0,732,360,1796280,172676,0,540,0,16,2224360,1458,156,0,0,0,0,0,0,0,0,15082,39802,6872,0,0,62902,10208,896440,236462,0,0,0,0,42023370,796.3,918,302470,389476,244764,121812,258684,215726,214024,237024,472024,34164,0,0
10640,na,0,na,0,0,0,0,0,12354,43396,312318,356974,14298,0,0,283200,0,126,0,3318,4476,738354,714172,71860,12666,0,0,0,0,0,0,32740,15988,8090,19184,5380,55050,176690,189754,236464,0,2782,776,828,1032,111606,622210,106,0,0,0,260088,386900,64800,21122,4326,1068,820,216,0,0,813642,0,224,332,14,283220,3600,40652,30934,1310700,1310700,1310700,1310700,1310700,1310700,1310700,1310700,70120,10639.2,813642,813642,806556,2721,60064,80382,811540,739340,1209600,0,na,na,na,679826.88,1889.28,55512,na,na,0,5080,16264,129246,466864,117140,3578,1022,146,0,na,216,813642,na,2050,148,62234,38432,26456,528744,76254,4996,26,0,na,na,na,na,na,na,na,na,na,518,46,0,0,0,1894,0,0,0,0,2214,832,298,0,0,7468,1246,3710320,380522,0,1798,0,0,9639610,na,na,61646,52518,314772,266078,33618,6744,2508,994,462,0,0,0
10,na,6,2,0,0,0,0,0,706,2624,2044,1752,0,0,0,2122,0,30,0,1644,3032,7824,8060,8730,58,0,0,0,0,10,4,0,0,0,0,0,0,0,0,7126,0,930,8,10,16,348,5814,0,0,0,0,5298,884,140,262,74,50,76,156,158,28,18212,0,2,0,0,2122,94,6522,2138,na,na,na,na,na,na,na,na,8620,9.7,18212,18212,19328,24,496,1748,18100,7126,1209600,180,2,4,0,1472.64,1227.84,3546.24,na,na,0,700,2446,1740,1272,514,446,8,0,0,2,6,18212,na,900,10,18,380,220,2256,3060,282,0,0,4,16,580,166,0,0,0,0,1612,34,46,0,0,60,1250,0,0,0,0,152,0,0,206,124,28,6,700,588,66,6,0,0,0,na,na,5812,1026,94,44,110,16,24,0,0,0,0,0
1146,2,2130706432,56,0,0,0,0,0,0,62,56428,55686,5972,0,0,38460,0,0,0,0,0,103546,90076,67046,4304,0,0,0,0,44,50,0,0,0,0,0,0,0,458,117690,0,886,584,1412,3712,11466,70450,29638,0,0,0,83564,19646,6054,3140,1836,1560,956,696,242,454,170756,10,66,18,0,38460,1516,42472,23658,na,na,na,na,na,na,na,na,65440,1146.6,170756,170756,171266,447,0,16554,169180,118568,1209600,4328,2,14,0,67333.44,13016.64,36975.36,42,144,0,0,0,12790,61986,35836,6752,784,0,0,16,22,170756,0,1346,50,384,11428,33818,68834,2284,4,0,0,92,84,71630,13048,0,6,0,0,71686,352,272,90,15398,0,0,0,0,0,0,1502,60,6,0,0,2694,542,381040,38102,0,0,0,0,146600,3.16,244,52210,15544,8648,3666,9538,5628,8032,14798,84,0,0,0
1801546,na,na,na,0,0,0,0,0,0,549612,18352098,72522462,25381850,592638,15618,39940418,353292,8900,na,566,736,96759916,84408132,24281496,10341818,0,0,54070,0,0,0,0,0,0,0,0,222320,36091032,73218292,7882634,0,175690,147668,320282,789628,73339232,42624572,17160,40,2,4,45133764,21630186,10792918,7951102,6750586,7839362,11487534,5736434,92324,68,121055976,806,1524,1922,3202,39940418,1297200,10484720,13738242,291640,242120,305300,231560,268280,264040,180420,211160,651000,1801545.63,121055976,121055976,119558736,797924,7840258,na,1077140,117414278,1209600,0,na,na,na,105258428.2,0,12039893.76,0,0,13318,4610,49764,5577918,48250102,54113906,8397324,835212,166282,5842,na,0,121055976,na,97190,25996,9281032,6533888,35133594,63101690,3215196,25690,2,0,na,na,na,na,na,na,na,na,na,32614,1738,na,na,na,na,na,na,na,na,721996,420320,110792,0,0,1330690,229438,56996640,32780134,0,0,0,0,na,39729.18,44530,12658924,22916240,16559246,9355442,22982416,13166936,7819276,4399368,6902760,653670,0,0
5922,0,76,68,0,0,0,0,0,278,14736,378744,594350,48584,5426,0,555248,249374,0,0,4090,11706,1035700,960696,986170,34960,0,0,0,0,184,54,0,0,0,0,0,0,0,759586,282532,0,5288,1628,2138,5924,191666,56276,777686,834,678,0,681268,125930,48592,44794,58832,23768,18894,16438,10306,13296,2026434,140,268,136,4,555248,11190,663934,320182,824380,na,na,na,na,na,na,na,157280,5921.88,2026434,2026434,2018558,3781,1932,76810,811700,1044252,1209600,39058,10,54,0,538932.48,105371.52,394633.92,54,510,0,0,12514,51964,251272,332030,246364,101676,43972,2326,26,68,2026434,0,4066,650,83600,142244,66138,479200,251568,14314,338,0,54,62,540688,234,146,708,0,0,555032,3396,966,0,0,18520,117696,0,0,0,0,7990,4138,1454,1787378,207396,27606,4692,2547600,258746,1985228,4800,0,0,0,2744.34,1052,516336,195588,214764,75950,8428,9196,10856,10810,190,0,0,0
10,na,16,14,0,0,0,0,0,0,20,2052,2222,0,0,0,1618,0,0,0,0,0,11930,10834,6836,438,0,0,0,0,8,18,0,0,0,0,0,0,0,0,4294,0,922,16,14,40,1478,1824,0,0,0,0,2954,478,82,246,20,20,64,170,230,30,18778,0,0,12,0,1618,130,5788,1040,na,na,na,na,na,na,na,na,6740,9.25,18778,18778,20004,17,180,1840,18720,4294,1209600,172,0,0,0,1508.16,0,1890.24,0,18,0,0,0,822,2652,472,348,0,0,0,6,12,18778,na,904,8,14,550,52,1192,1358,212,4,0,20,24,970,72,564,6,0,0,1678,28,28,0,0,0,0,0,0,0,0,78,0,0,1116,752,74,20,1560,156,18924,32,0,0,0,101.48,26,2844,1188,216,14,18,2,6,6,0,0,0,0
628,4,2130706432,16,0,0,0,0,0,0,32490,56088,11646,0,0,0,35160,0,0,0,1024,1466,126882,113700,132612,4638,0,0,0,0,48,8,0,0,0,0,0,0,0,6010,94214,0,674,438,852,3544,4070,89522,1124,0,0,0,80832,12654,2626,2258,642,522,292,238,64,96,260564,34,16,10,0,35160,1178,110026,22282,na,na,na,na,na,na,na,na,131620,628.36,260564,260564,260646,327,0,25416,259420,100616,1209600,2202,0,20,0,39340.8,24901.44,33949.44,50,118,0,0,33472,36266,25524,4676,284,2,0,0,0,6,260564,0,2880,36,192,12592,26332,57062,1130,0,0,0,18,0,39942,9942,0,148,0,0,39942,530,264,0,0,0,46870,0,0,0,0,1156,0,0,15272,6982,1128,222,257960,25782,0,18,0,0,0,3.38,238,62050,11730,3096,846,2434,11354,2702,6012,0,0,0,0
40520,na,2130706432,2526,0,0,0,0,0,0,2048,1024944,3154718,844182,45150,0,1956926,0,0,0,0,0,4539172,3843812,1007900,556852,0,0,0,0,928,178,0,0,0,0,0,2090,4845372,223572,8,0,4804,3474,3740,43600,3723334,1289014,3070,2,4,0,2935050,972682,394566,236928,169776,141068,212010,8962,0,0,5548658,0,74,154,90,1956926,83636,442100,564186,221080,207320,223580,226640,na,na,na,na,116120,40520.39,5548658,5548658,5580194,14605,210,62394,692160,5071042,1209600,270012,8,216,0,3532293.12,0,1531665.6,0,0,0,0,0,37920,1187014,2506610,1141180,166142,27670,4506,98,106,5548658,na,10206,1400,5968,1263610,489712,2160642,1131198,8304,2,0,3960,488,3635072,7178,0,1016,0,20,3636538,7540,320,0,0,0,0,0,0,0,0,40310,21998,9052,0,0,225396,57296,3355800,337326,0,0,0,0,520410,2577.74,2982,1672128,1620810,854558,226122,293028,169694,107700,53748,71722,1532,0,0
1233088,na,na,na,na,na,0,0,0,0,0,0,0,0,0,0,31337692,124840,0,na,1520970,2482424,62161220,54500506,18989828,8767600,na,0,4108,0,na,na,0,0,0,0,0,0,0,0,0,0,0,0,0,0,0,0,0,0,0,0,0,0,0,0,0,0,0,0,0,0,82672080,na,na,na,na,31337692,1183010,7020508,11938072,262740,403600,182980,226400,278840,390860,326200,403760,78260,1233087.82,82672080,82672080,252,0,na,na,339660,0,1209600,na,na,na,na,61538339.52,1076084.16,18158033.28,0,0,0,0,0,0,0,0,0,0,0,0,na,na,82672080,na,0,0,0,0,0,0,0,0,0,0,na,na,na,na,na,na,na,na,na,na,na,na,na,na,na,na,na,na,na,595600,na,na,na,na,na,na,na,na,na,na,na,na,na,0,0,0,0,0,0,0,0,0,0,0,0,na,na
326,na,18,18,0,0,0,0,0,0,912,3234,24152,1522,0,0,12152,0,0,0,0,0,28678,22640,8404,2930,0,0,0,0,8,12,0,0,0,0,0,0,29820,0,0,0,142,12,48,38,728,28592,260,0,0,0,16436,8558,3388,966,222,188,62,0,0,0,37116,0,76,28,0,12152,500,2372,5990,na,na,na,na,na,na,na,na,8120,325.49,37116,37116,39694,99,84,3472,36860,29820,1209600,1128,0,6,0,20280,0,9455.04,0,0,0,0,0,554,18098,10174,854,140,0,0,0,4,37116,na,204,16,34,2060,1484,4232,20122,1610,58,0,22,104,21674,10908,0,4,0,18,22432,116,50,0,0,0,0,0,0,0,0,336,42,8,0,0,504,110,2740,890,14182,48,0,0,0,108.88,72,9902,5448,1760,684,1596,10402,28,0,0,0,0,0
61258,na,718,596,0,0,0,0,0,0,1298,149370,2803014,973760,20470,0,1884704,0,0,0,0,0,3445036,2948096,737550,467342,0,0,0,0,362,518,0,0,0,0,0,30076,654260,2526072,737504,0,2726,1804,2838,176260,3271370,492778,136,0,0,0,1453960,981222,419386,360964,318516,331946,81918,0,0,0,4182720,0,46,44,30,1884704,53586,348588,383140,235180,174320,219460,na,na,na,na,na,103580,61257.09,4182720,4182720,4189600,22102,70,52628,550100,3947912,1209600,101780,0,208,0,3193899.84,0,748380.48,0,0,0,0,0,13286,1194688,1971078,744650,19586,4414,210,664,680,4182720,na,4124,324,65000,544994,169658,1988640,1163444,11552,176,0,578,890,3211922,62,100,54,0,0,3238294,1622,356,0,0,0,0,0,0,0,0,26120,40532,9504,0,0,121660,18472,9240,926,0,0,0,0,41672670,921.62,840,772774,525680,386594,194546,443564,452708,383376,278972,493404,16294,0,0
37898,na,0,na,0,0,0,0,0,0,8574,1147182,1507626,146208,4908,0,1302048,0,0,0,0,0,2576258,2295288,392254,219684,0,0,0,0,0,0,0,0,0,0,0,8712,1546154,571880,687752,0,2850,1092,1402,30440,1837332,940966,416,0,0,0,1197316,583898,243470,172594,138856,119184,324080,35100,0,0,2969192,0,24,320,0,1302048,35544,183766,205776,128360,209520,na,na,na,na,na,na,48160,37897.39,2969192,2969192,2962112,12023,864210,49354,542660,2814498,1209600,0,na,na,na,2209168.32,0,601750.08,0,0,0,0,0,239886,1309340,1061134,184406,15216,4186,330,na,0,2969192,na,4396,562,5700,490072,191188,1704254,415410,2916,0,0,na,na,na,na,na,na,na,na,na,2862,94,0,0,0,0,0,0,0,0,17012,0,0,0,0,0,0,0,0,0,0,0,0,0,1371.96,1396,635564,635088,261268,119728,228748,188424,164378,131204,378396,71700,0,0
2154,na,0,na,0,0,0,0,0,0,148,2314,111378,12236,0,0,55704,0,58,0,0,0,129266,124164,7842,2106,0,0,0,0,0,0,0,0,0,0,0,0,39172,85176,1728,0,1964,158,258,594,33950,89148,4,0,0,0,61988,47262,12888,3172,322,58,348,38,0,0,137150,946,482,70,10,55704,616,3554,4254,na,na,na,na,na,na,na,na,7500,2153.24,137150,137150,138208,445,424,13520,136800,126076,1209600,0,na,na,na,115450.56,0,8520,na,na,0,0,0,1066,65428,57594,1612,308,68,0,na,0,137150,na,1860,28,3006,2798,2900,108078,7086,320,0,0,na,na,na,na,na,na,na,na,na,108,40,0,0,0,0,0,0,0,0,402,676,190,0,0,2894,358,250100,25834,0,0,0,0,1153270,na,na,10978,10132,3726,1594,97854,1792,0,0,0,0,0,0
3368,na,2130706432,222,0,0,0,0,0,0,152,1116,139354,54492,0,0,83310,0,0,0,0,0,189780,175188,17530,9412,0,0,0,0,98,34,0,0,0,0,0,4956,116616,72236,1306,0,1470,84,100,228,117272,75956,4,0,0,0,82736,75258,22154,11118,2592,628,458,170,0,0,207386,2,8,1166,0,83310,1752,9540,7924,na,na,na,na,na,na,na,na,16960,3368.68,207386,207386,211228,721,0,20456,206660,195114,1209600,4078,2,4,0,174387.84,0,19234.56,0,0,0,0,0,68,58270,132084,3600,970,122,0,0,6,207386,na,1660,64,140,14952,2546,25754,146582,3340,76,0,456,92,176322,124282,0,10,0,28,176372,170,44,0,0,0,0,0,0,0,0,970,232,256,0,0,1882,384,594780,59500,0,0,0,0,2368680,111.7,126,22146,20048,10330,6378,17534,115878,2764,34,2,0,0,0
272290,na,0,na,0,0,0,0,0,0,134218,4655922,10972532,2562242,18396,0,8893040,0,60,0,1498,3174,16730760,15235762,2275892,1173572,0,0,0,0,0,0,0,0,0,0,0,30378,5482464,12075642,754826,0,20066,14548,26572,53078,4144690,14050436,33900,14,4,2,8670090,2589988,1461772,1155566,982096,962576,1523028,964264,33816,114,19010768,136,336,1286,412,8893040,177234,1122496,1141608,156740,157560,155040,158040,123880,143040,139120,137940,119120,272290.98,19010768,19010768,18812102,105348,705942,65286,827840,18343310,1209600,0,na,na,na,15813403.2,0,2515202.88,na,na,0,0,11022,1663468,8948322,6840454,811926,59624,8432,62,na,0,19010768,na,13024,2242,567114,1219350,1037674,12442940,3038450,22512,4,0,na,na,na,na,na,na,na,na,na,9768,278,0,0,0,0,0,0,0,0,95834,242730,47936,0,0,604492,74946,27637680,4348394,0,0,0,0,25543170,na,na,2616440,3054964,2651544,1601652,3275880,2431382,1250076,574182,851932,35258,0,0
39762,na,216,176,0,0,0,0,0,0,35150,985730,1330218,251806,28344,598,1295388,0,0,0,0,0,2147414,1743044,608880,351172,0,0,1536,0,542,280,0,0,0,0,0,96204,1404176,285942,845524,0,3460,1822,4994,7222,42484,2568328,3534,2,0,0,986322,602116,209416,152610,125526,130378,184870,238228,2380,0,2756880,160,540,490,4,1295388,51610,283428,322840,305300,230160,na,na,na,na,na,na,68320,39761.81,2756880,2756880,2758326,17251,854,29712,332280,2631846,1209600,74644,0,204,0,2161258.56,0,467606.4,90,588,0,0,0,311734,1314564,816110,173134,13632,2574,98,32,46,2756880,na,4900,478,88232,228042,119262,1219620,948620,22256,436,0,352,718,2146300,104154,0,2770,0,0,2198612,1730,376,0,0,0,0,0,0,0,0,30126,44612,7972,0,0,82346,18520,55580,11328,0,0,0,0,281540,944.32,1110,499242,452216,269752,135234,274120,283298,195290,139232,312504,70958,0,0
42540,na,2130706438,532,0,0,0,0,0,0,162,169864,1863490,642752,40608,194,1316056,0,0,0,0,0,2529166,2235882,386894,255730,0,0,0,0,394,632,0,0,0,0,0,241154,826772,1331978,317166,0,2330,2186,8672,12824,154146,2536568,344,0,0,0,913518,647008,294192,205948,191588,415732,49084,0,0,0,2916288,364,166,750,10,1316056,39604,223030,162882,162580,170140,na,na,na,na,na,na,50380,42539.28,2916288,2916288,2923872,16927,870,47608,492740,2717070,1209600,85144,2,52,0,2279212.8,0,436397.76,74,744,0,0,0,4448,473744,1215318,957972,58042,6374,1172,380,392,2916288,na,3078,394,69990,197184,149644,1654402,626064,16168,146,0,574,942,2294972,43638,0,1968,0,10,2295980,1480,794,0,0,0,0,0,0,0,0,21812,40138,14636,0,0,70974,15040,4230960,432594,0,0,0,0,2817430,761.5,820,448664,319702,364534,183912,359924,350386,351344,200470,136876,1258,0,0
137016,na,na,na,na,na,0,0,5196,226758,3636388,2877136,340776,9284,426,0,2773482,0,28,na,210866,361196,5744386,5343302,1384192,548500,na,0,0,0,na,na,0,0,0,0,2068,115978,643146,2619246,3715526,0,18880,13146,21822,52154,377688,6612272,2,0,0,0,1154858,2549120,1707856,699560,337792,190410,135038,156788,86164,78378,7340438,na,na,na,na,2773482,86206,601784,779748,193820,261860,211940,225940,215460,239340,0,0,20080,137015.37,7340438,7340438,na,43917,na,na,68060,na,1209600,na,na,na,na,6288141.12,0,805798.08,na,na,0,69142,1430220,4185676,1237656,152474,17406,3236,154,0,na,na,7340438,na,5428,842,261418,265592,1096114,5450802,15768,0,0,0,142,632,1699704,3454032,0,292612,0,0,5756884,na,na,na,na,na,na,na,na,na,na,43556,na,na,na,na,na,na,na,na,na,na,na,na,na,na,na,833080,625222,283482,122356,271418,390432,747254,3694324,128396,0,na,na
4044,na,36,32,0,0,0,0,0,0,108,128096,104842,542,0,0,111342,0,0,0,0,0,221278,205510,20678,11820,0,0,0,0,74,24,0,0,0,0,0,0,68976,131394,33218,0,1212,20,36,86,59982,171652,600,0,0,0,50926,116728,42936,14564,6352,2002,80,0,0,0,241998,0,194,40,0,111342,2244,9858,10770,na,na,na,na,na,na,na,na,20200,4043.39,241998,241998,244810,711,4876,23956,241560,233588,1209600,7058,0,12,0,219913.92,0,12392.64,0,0,0,0,0,26604,155892,49200,1242,580,70,0,4,10,241998,na,1350,34,90,8406,5536,171986,44966,1220,0,0,66,90,206832,35676,384,1408,0,14,220660,160,32,0,0,0,0,0,0,0,0,1054,1036,348,0,0,5984,1278,25460,4260,0,0,0,0,3043410,85.06,100,15212,32072,22376,12866,40508,93154,14860,2030,510,0,0,0
83726,na,98,96,0,0,0,0,0,0,83700,2597648,2664278,304764,20486,52,2290410,8482,0,0,196,616,4885176,4059078,1060294,665932,0,0,0,0,440,116,0,0,0,0,0,9096,3588770,580412,1492650,0,3952,982,1370,5716,1452370,4130074,76464,0,0,0,2095162,1599476,640164,386040,259088,188848,180302,301168,20680,0,5947076,18,22,674,8,2290410,74318,530044,526866,200840,214800,221600,223500,na,na,na,na,186680,83725.11,5947076,5947076,5919740,29090,3932,101098,1093160,5670928,1209600,137718,4,120,0,4849973.76,0,816367.68,0,0,0,0,3310,955356,3093590,1440186,150372,23802,4222,90,8,12,5947076,na,9732,1374,76542,448340,240114,4181972,685770,27008,76,0,166,262,4785708,429184,0,264,0,18,4899740,4684,154,0,0,0,0,0,0,0,0,44354,82472,38842,0,0,112724,26394,21793980,2197260,0,0,0,0,49600330,2694.58,2912,869712,849222,608542,386062,1138186,1627632,180098,8866,2600,8,0,0
40826,na,176,170,0,0,0,0,0,1828,332290,1130138,1147594,116130,3794,0,1195554,3232,0,0,3010,7258,2305756,1854236,592248,387602,0,0,0,0,692,158,0,0,0,0,0,101650,1994838,389278,246008,0,1664,754,2626,277224,1732782,669642,47074,8,0,0,960194,536452,244054,189280,201924,370630,229232,8,0,0,2901506,0,32,842,10,1195554,40026,322242,268464,225020,273120,na,na,na,na,na,na,88960,40826.55,2901506,2901506,2890160,18332,15670,43550,476540,2731774,1209600,98668,0,66,0,2428046.4,0,301926.72,0,0,0,0,22822,578614,949934,902026,256480,16934,4222,742,256,262,2901506,na,3716,492,55004,166558,112750,1701728,672886,18520,120,0,280,526,2329156,146514,0,2428,0,42,2456452,1694,316,0,0,0,0,0,0,0,0,22698,40200,8594,0,0,101470,21472,245000,108214,0,0,0,0,826560,1045.16,1122,317696,509780,463276,224892,457556,339910,251706,106672,60242,44,0,0
436902,na,0,na,0,0,0,0,0,1118,737814,13369994,15385808,1671410,54608,96,15025018,10564,0,na,12338,23228,23628986,20760330,4373324,2704464,0,0,2272,0,0,0,0,0,0,0,0,1387474,18069400,1036380,10727594,0,27518,9970,13662,1371094,17781194,11901064,116344,2,0,0,11838962,5926570,3086674,2306562,1921960,1846706,2162820,1958982,166640,4972,28020016,2240,1058,3514,444,15025018,459880,2232630,2122950,275800,191980,190060,175400,194120,194380,193560,197780,51600,436901.95,28020016,28020016,31823228,202329,1263180,na,127700,31220848,1209600,0,na,na,na,27791643.84,505523.52,2888710.08,na,na,0,64,101144,4535442,16246456,8835012,1246874,218222,36630,1004,na,0,28020016,na,31358,6524,955192,2119792,3382010,23358172,1331042,36754,4,0,na,na,na,na,na,na,na,na,na,23884,1380,na,na,na,na,na,na,na,na,274534,677110,121322,66155318,29020570,1041316,152088,44546760,8848180,0,114154,0,0,na,na,na,3528636,7814970,4940346,2335888,4615906,4258134,2578240,881130,267264,334,0,0
2100,na,44,34,0,0,0,0,0,0,206,58396,121794,31814,0,0,95696,0,0,0,0,0,193854,158222,87422,17710,0,0,0,0,34,14,0,0,0,0,0,0,194016,17190,1004,0,1838,476,536,732,3348,205214,66,0,0,0,128984,34410,10844,16336,16462,4964,202,8,0,0,281462,46,56,86,2,95696,3350,45516,41318,na,na,na,na,na,na,na,na,85700,2100.95,281462,281462,280642,793,1050,26946,279800,212210,1209600,8986,0,52,0,147577.92,0,63185.28,2,222,0,0,0,10410,105478,87704,7594,930,94,0,12,18,281462,na,2040,108,1118,14782,15694,77482,94900,5844,242,0,74,118,142500,11944,0,188,0,0,153528,424,128,0,0,0,0,0,0,0,0,2250,848,220,0,0,6522,1250,26320,3946,0,0,0,0,0,361.14,346,67822,53478,21120,8706,18216,26170,15680,928,90,0,0,0
41548,na,136,114,0,0,0,0,0,0,30986,1284418,1313752,38666,918,0,1088702,0,0,0,0,0,2416528,2163176,323580,217064,0,0,0,0,106,26,0,0,0,0,0,23886,1321466,910440,412948,0,1090,244,462,3434,1078830,1569214,15466,0,0,0,906600,718340,299634,245062,209010,184816,105278,0,0,0,2740410,0,182,1234,2,1088702,26246,157378,165190,125200,159820,na,na,na,na,na,na,34900,41547.14,2740410,2740410,2744794,14706,16944,29726,316960,2668740,1209600,77364,2,86,0,2332102.08,0,334735.68,0,0,0,0,154,393232,1482566,741666,40628,7774,2472,248,2,10,2740410,na,3058,328,48072,171324,79164,1287856,1054668,24166,104,0,190,118,1740114,69022,0,32320,0,50,2363264,1730,190,0,0,0,0,0,0,0,0,14148,40342,15626,0,0,76972,11964,11767800,1451316,0,0,0,0,1547170,759.86,854,352096,494292,309340,153078,299912,351360,336758,180972,189146,1786,0,0
18,0,2130706432,12,0,0,0,0,0,772,5118,1894,2028,0,0,0,1188,0,0,0,2546,4320,13028,13358,9754,434,0,0,0,0,8,38,0,0,0,0,0,0,0,782,9030,0,84,244,942,32,8,426,4036,3316,724,0,7960,702,126,82,190,76,452,64,16,144,25338,0,4,0,0,1188,156,6494,3190,na,na,na,na,na,na,na,na,9480,17.65,25338,25338,26548,34,4,2442,25060,9884,1209600,470,2,6,0,3166.08,0,5438.4,0,14,0,28,5602,1334,1888,286,674,0,0,0,0,0,25338,0,1314,6,22,4,54,1568,5844,972,28,0,26,40,3068,68,0,8,0,0,3398,62,122,0,0,0,0,0,0,0,0,314,0,0,0,0,184,38,7060,932,0,4,0,0,0,2.26,62,6864,2692,60,26,38,40,92,0,0,0,0,0
490512,2,3586,2546,0,0,0,848,448468,4872620,11455638,12525978,2748736,152778,46,0,13746778,3990,0,na,2187288,3133570,25150710,23936870,5673802,2668282,32,0,0,0,11616,3848,0,0,0,0,0,0,124,3734710,28251250,219028,38294,13240,16268,20508,34970,24757612,2907838,4416380,2,0,12931234,6437444,3855316,2557672,1563798,1255390,1037068,888304,485946,1192940,33017790,6060,3908,2784,378,13746778,374536,1680610,3978044,226580,215660,213720,272380,344700,329100,322060,203600,55400,490512.31,33017790,33017790,32706086,170977,1284,na,303340,32253452,1209600,862558,878,568,0,25648166.4,0,6577540.8,288,4422,130708,1500840,2953524,3843062,6508148,4813672,2931374,1998374,2317430,5207980,3854,4480,33017790,0,46780,6008,1529818,4117106,1329334,9445022,15556150,174190,702,2,3616,8042,25519112,4195910,0,19954,0,0,25751892,25166,662,0,0,0,0,0,0,0,0,233352,272378,58590,0,0,1032280,190494,62560,11758,0,0,0,0,86788020,12293.2,12120,6693372,3934720,3069470,1479034,3200180,2839766,2847852,7928064,212654,0,0,0
20,na,2,2,0,0,0,0,0,0,2892,1658,2250,0,0,0,2224,0,274,0,0,0,12124,10626,3358,254,0,0,0,0,12,8,0,0,0,0,0,0,0,0,6800,0,2094,6,14,2,42,4642,0,0,0,0,3862,1108,194,528,66,72,158,652,112,48,15490,0,2,0,0,2224,110,2498,850,na,na,na,na,na,na,na,na,3260,19.33,15490,15490,18770,32,230,1478,15380,6800,1209600,254,0,2,0,2304.96,323.52,2083.2,0,6,0,0,738,2504,2300,638,620,0,0,0,6,10,15490,na,2096,4,14,1410,560,458,1708,536,14,0,2,72,1790,32,0,0,0,0,2590,20,38,0,0,100,428,0,0,0,0,86,20,2,0,0,58,16,460,232,0,0,0,0,0,157.52,36,4576,1674,186,50,196,66,38,14,0,0,0,0
85596,na,326,306,0,0,0,0,0,0,88,110520,4028772,2468152,226882,8256,2707374,0,0,0,0,0,6225060,5624144,1154214,544324,0,0,0,0,1022,146,0,0,0,0,0,69876,1842736,2730990,2199064,0,2658,4464,12846,40050,3822420,2959014,1214,0,0,0,3109540,1259080,479348,429754,382454,313182,360458,493560,15290,0,7379460,152,66,470,50,2707374,66630,735496,416936,146260,120040,319680,130180,171420,240240,na,na,20820,85596.13,7379460,7379460,7374842,40901,1468,8782,116400,6842686,1209600,171268,2,84,0,4631140.8,0,2208678.72,0,0,0,0,0,0,1120278,4319496,1349914,47074,5720,184,162,166,7379460,na,5170,546,176750,1475540,515974,3507218,1154092,7262,114,0,340,414,4658176,221508,0,29236,0,16,4688670,2956,548,0,0,0,0,0,0,0,0,32896,93050,32106,0,0,176686,29456,11256960,1146040,0,0,0,0,35727860,1646.88,1268,2242630,946138,608526,308462,574868,452486,431508,370416,866884,40750,0,0
12,na,6,4,0,0,0,0,0,0,688,1998,1880,0,0,0,2242,0,0,0,0,0,12538,10498,3478,280,0,0,0,0,6,36,0,0,0,0,0,0,0,1368,3198,0,868,14,18,20,28,3618,0,0,0,0,3396,486,98,170,24,20,56,280,22,14,16038,0,0,0,0,2242,196,1806,1650,na,na,na,na,na,na,na,na,3300,11.8,16038,16038,9686,15,0,1490,15780,4566,1209600,312,0,6,0,1850.88,0,1871.04,na,na,0,0,0,2462,1520,328,256,0,0,0,0,4,16038,na,856,10,30,8,6,756,2666,234,0,0,2,74,1594,12,0,4,0,0,2032,48,30,0,0,0,0,0,0,0,0,178,0,0,856,212,54,18,1000,98,16,6,0,0,0,na,na,2840,1440,234,48,4,0,0,0,0,0,0,0
0,na,2,2,0,0,0,0,0,0,18,1564,2002,0,0,0,522,0,80,0,0,0,7694,6012,7992,280,0,0,0,0,2,6,0,0,0,0,0,0,0,0,3584,0,956,8,4,8,8,2600,0,0,0,0,2424,320,128,148,14,22,68,424,36,0,15708,0,0,0,6,522,66,7364,620,na,na,na,na,na,na,na,na,7880,0,15708,15708,17398,21,0,986,15600,3584,1209600,170,0,2,0,0,4.8,2623.68,4608,na,0,0,0,1252,1928,404,0,0,0,0,2,6,15708,na,960,2,10,6,1100,1184,322,0,0,0,6,12,696,0,0,0,0,0,1124,20,70,0,0,0,6,0,0,0,0,96,0,0,0,0,0,0,0,0,0,0,0,0,0,0,0,1578,2006,0,0,0,0,0,0,0,0,0,0
930288,na,0,na,0,0,0,0,0,65986,4710884,28649818,26452402,3456124,67662,1586,31214202,409032,58,na,93194,204358,45557406,28626440,20983346,15085836,0,0,28094,0,0,0,0,0,0,0,0,54608,25560896,29240148,8548810,0,84162,46608,69836,173758,21582588,41414580,32792,122,16,0,23288022,10005714,4162356,3194760,2659446,3268578,6473140,9098918,1244912,8616,66648272,3360,4180,8066,3024,31214202,1428792,8453752,12476386,329100,310020,341900,368720,332300,383900,421520,286460,279880,930288.35,66648272,66648272,65022608,484976,6527192,na,1154580,63404462,1209600,0,na,na,na,55404691.2,0,7882625.28,0,0,0,4238,796728,13475214,29334472,17483304,1903814,300646,56644,49402,na,0,66648272,na,75288,14060,4068834,3171122,8214250,41318742,6432440,109720,6,0,na,na,na,na,na,na,na,na,na,62744,3130,na,na,na,na,na,na,na,na,1139018,1453058,259138,0,0,2311664,391146,61872860,14561584,0,0,0,0,na,27138.14,37824,8271772,13846050,9692150,4440962,8356134,6383232,5249176,3157714,3904036,103236,0,0
50136,na,460,434,0,0,0,0,0,0,420,149158,2227362,755384,27888,2366,1323728,0,0,0,0,0,2950284,2707970,317768,197042,0,0,0,0,1320,230,0,0,0,0,0,11816,670138,2271946,208678,0,1748,970,1208,16594,1903884,1233986,4188,0,0,0,945052,905426,351852,229640,148892,104728,131602,322412,22974,0,3268508,114,376,762,0,1323728,26776,186378,130536,93480,141980,na,na,na,na,na,na,77200,50135.27,3268508,3268508,3280748,21801,13270,82036,843180,3162578,1209600,83644,2,102,0,2924605.44,0,235972.8,0,0,0,0,0,10654,747834,1919226,458382,21514,4694,274,58,62,3268508,na,4090,490,26470,162642,90530,2010364,851734,16126,132,0,668,674,2694198,71386,0,17516,0,24,2940582,1780,416,0,0,0,0,0,0,0,0,15042,39052,5942,0,0,93684,11834,711000,127008,0,0,0,0,578580,854.3,1176,252544,628200,443206,239454,549750,516422,293642,118500,115216,5644,0,0
9088,na,312,282,0,0,0,0,0,0,144,10272,330614,171626,1226,0,229616,0,0,0,0,0,479068,436300,82510,33546,0,0,0,0,470,92,0,0,0,0,0,16530,168586,318468,10298,0,2440,416,872,9732,267002,233418,2,0,0,0,189174,185486,64140,30290,13228,10474,10646,10444,0,0,561630,140,1024,332,0,229616,4716,53282,29040,na,na,na,na,na,na,na,na,81500,9087.61,561630,561630,568148,2572,920,55650,560520,513882,1209600,9750,0,8,0,458548.8,0,53578.56,0,0,0,0,0,590,187602,295188,27318,2478,706,0,0,4,561630,na,2226,168,1742,31804,16892,199630,257532,3772,116,0,620,232,222666,188930,74,6624,0,0,461880,328,148,0,0,0,0,0,0,0,0,2534,3324,750,0,0,7812,1604,1857240,188698,0,0,0,0,3919660,838.78,250,57600,54576,30134,15718,44134,230224,34152,19168,26624,1552,0,0
89692,na,1654,1568,0,0,0,0,0,0,8206,147594,2775624,2526462,122458,11794,2568572,0,0,0,730,1290,5095216,4546062,685736,465652,0,0,1056,0,4966,766,0,0,0,0,0,86814,1268424,3787252,449648,0,2720,600,2172,532358,4099458,954328,502,0,0,0,1217014,1612074,498952,359624,275852,231798,364290,1001538,30960,36,5782536,526,24,1916,42,2568572,64898,380426,303516,124660,115740,146980,173200,na,na,na,na,115380,89692.36,5782536,5782536,5788082,47541,14194,88766,932260,5592138,1209600,172028,0,114,0,4984816.32,0,604157.76,0,0,0,0,3966,44000,867030,3007992,1615370,47228,6078,474,46,52,5782536,na,6870,870,76954,211572,372248,4266460,624906,31968,290,0,2258,3094,4754274,613294,0,318,0,54,5024672,3924,462,0,0,0,0,0,0,0,0,33668,78884,14874,0,0,139600,27824,1247220,184370,0,0,0,0,29147300,1841.18,2036,643480,978354,627446,312436,671668,821760,830012,528230,178752,0,0,0
2300,na,42,40,0,0,0,0,0,0,142,86982,43938,5822,0,0,56914,0,0,0,0,0,129376,118650,25824,7364,0,0,0,0,24,20,0,0,0,0,0,7482,100028,10390,18984,0,130,36,40,72,28452,108094,60,0,0,0,49974,61518,15002,8044,1586,502,258,0,0,0,155238,0,810,314,0,56914,1236,18280,7508,na,na,na,na,na,na,na,na,25460,2300.07,155238,155238,159520,463,64,15294,154840,136884,1209600,3256,4,2,0,122624.64,0,14136.96,0,0,0,0,0,28618,78892,27332,1768,244,30,0,0,4,155238,na,222,38,204,8416,2114,54568,70114,1138,70,0,68,76,123136,82774,0,24,0,0,123650,134,24,0,0,0,0,0,0,0,0,696,562,224,0,0,1870,290,2480,244,0,0,0,0,1300070,85.1,88,15270,16792,9810,5230,11256,76802,1650,70,4,0,0,0
1426,2,90,58,0,0,0,0,0,592,71238,33018,2576,0,0,0,50686,0,0,0,3604,6798,100600,91164,79216,4960,0,0,0,0,70,112,0,0,0,0,0,0,0,0,107424,0,1850,212,620,666,654,86494,14684,2244,0,0,47766,31654,17178,4406,3382,1744,800,474,20,0,183506,14,12,70,0,50686,1326,65522,13312,na,na,na,na,na,na,na,na,78340,1425.74,183506,183506,144828,422,64,17838,182480,107594,1209600,2990,16,12,0,77261.76,0,29022.72,24,98,0,0,18024,23706,29488,28356,7770,58,22,0,52,56,183506,0,1498,56,3072,5544,12194,27554,52624,4806,76,0,96,190,76722,22052,0,18,0,0,79032,218,112,0,0,0,0,0,0,0,0,1108,106,12,0,0,2168,396,1240,130,0,0,0,0,425760,234.38,180,31384,13826,8718,4248,9482,4920,6462,28384,0,0,0,0
28820,na,302,na,0,0,0,0,0,998,371852,966750,363964,13004,0,0,878832,0,0,0,10904,20710,1601862,1492600,258628,85242,0,0,0,0,86,26,0,0,0,0,0,8378,783066,268024,657100,0,3152,1552,3078,4540,67638,1616626,19980,2,0,0,541008,296956,212360,209630,159402,120828,73454,75820,23308,3802,1871828,36,60,634,50,878832,17942,165420,92722,176220,1310700,1310700,1310700,1310700,1310700,1310700,1310700,78900,28820.76,1871828,1871828,na,11506,4450,63880,658040,na,1209600,44104,na,na,na,1598804.16,0,114358.08,na,na,0,1500,107500,850962,642084,102380,9484,2420,238,0,na,56,1871828,na,2762,246,29388,57016,36242,1244352,332596,13966,0,0,824,206,1419730,62788,94,8288,0,0,1455700,856,236,0,0,0,0,0,0,0,0,10010,22818,5394,0,0,46320,9908,73800,19038,0,0,0,0,1513580,na,na,129720,241398,241620,142412,309540,293164,212234,97838,48642,0,0,0
141076,2,444,404,0,0,0,0,0,347364,5314392,2013130,212440,11428,96,0,2762814,0,86,0,455574,646072,6430402,6106356,1592236,535860,0,0,0,0,138,422,0,0,0,0,0,0,225560,5002470,2670820,0,5178,4464,9520,17256,19428,5371282,2376630,94966,126,0,3440578,1521472,921590,564052,414166,292886,201552,153104,83128,306322,8480604,38,14970,6258,44,2762814,81360,561048,1028690,220360,238520,225580,211580,223420,224240,na,na,234200,141076.35,8480604,8480604,8370252,42770,2030,109102,1201240,7902674,1209600,138154,10,88,0,6600090.24,0,1295040.96,92,1286,0,5374,596586,1108418,2721370,2309520,696284,389630,68688,2980,18,36,8480604,0,8978,1228,355150,600116,224860,4967270,1686386,54488,374,0,560,990,6604048,4556910,0,0,0,0,6739958,10544,336,0,0,0,0,0,0,0,0,50306,8580,2004,5196582,857320,88200,22478,25280,10276,8346762,23964,0,0,21076360,2498.96,2888,1342554,636422,309604,145050,331586,322768,3361194,1438218,11430,24,0,0
41574,na,524,na,0,0,0,0,0,3918,384388,1756660,1678306,162082,2230,0,1781268,2494,0,0,5274,7650,3659422,3325230,547890,256198,0,0,0,0,3038,338,148832,414566,254146,80014,66474,109148,277778,1460344,1176282,0,8420,5608,7370,76038,1382110,2495536,12502,0,0,0,1877516,808364,392716,315646,240976,171674,111536,63154,5884,118,4213618,516,1068,1106,230,1781268,40456,213032,332520,154420,174860,135940,1310700,1310700,1310700,1310700,1310700,74060,41573.74,4213618,4213618,4159898,18621,316064,52612,574020,3987584,1209600,0,na,na,na,3078902.4,0,903075.84,na,na,0,0,35712,866140,2043570,939282,91998,9488,1382,12,na,138,4213618,na,5836,712,292938,288004,621156,2451154,318958,8814,12,0,na,na,na,na,na,na,na,na,na,3544,184,0,0,0,0,0,0,0,0,23348,8834,2000,7929830,1168078,106970,15170,10819160,1914462,1718678,77520,0,0,9455910,na,na,933414,1261458,569630,196582,425774,378204,132332,58126,31792,272,0,0
2242,2,48,48,0,0,0,0,0,0,213532,361310,104428,144,0,0,262558,0,160,0,436,692,656136,588648,108368,45754,0,0,0,0,18,10,0,0,0,0,0,0,0,924,678490,0,1748,610,900,1404,1116,37578,636058,0,0,0,464920,117010,30880,17730,11854,11408,9594,6652,5548,3818,765166,22,48,182,4,262558,8120,39990,67544,na,na,na,na,na,na,na,na,106040,2242.16,765166,765166,751626,1147,486,73194,762140,680208,1209600,19562,0,34,0,223547.52,0,442984.32,12,192,0,0,55412,142060,360394,108990,11976,430,140,12,0,276,765166,0,2582,288,8896,202600,157414,192414,110640,4580,0,0,150,18,238170,7680,0,114,0,0,239078,1646,572,0,0,0,0,0,0,0,0,4190,0,0,0,0,0,0,0,0,0,0,0,0,0,1324.16,624,450726,138758,50774,8302,9894,8834,8132,3994,0,0,0,0
31280,na,342,322,0,0,0,0,0,0,304,221232,1376442,424190,28560,282,854172,0,0,0,0,0,1862652,1604468,346814,208662,0,0,0,0,620,162,0,0,0,0,0,16384,924542,1110084,0,0,1808,982,1650,246352,1537524,262694,0,0,0,0,651704,498456,192128,135232,102156,84458,115142,270522,1212,0,2210070,246,110,786,0,854172,26266,214804,130498,209040,na,na,na,na,na,na,na,132300,31279.73,2210070,2210070,2221196,14735,4338,96900,994020,2051010,1209600,56130,0,80,0,1818835.2,158.4,230101.44,0,0,0,0,0,13244,478164,1173396,359964,20908,4920,414,24,32,2210070,na,4048,570,50972,143052,101396,1465982,272060,12644,286,0,510,406,1804890,216734,12,4532,0,0,1829360,1772,186,0,0,0,160,0,0,0,0,15558,10412,2650,0,0,70442,10294,59820,11238,0,0,0,0,30279730,989.52,1202,243404,400566,249308,118620,300264,315668,295062,101760,26194,164,0,0
1522,na,136,130,0,0,0,0,0,0,540,43146,66804,16584,44,0,55032,0,696,1198,0,0,117248,100144,28322,9122,0,0,0,0,250,82,0,0,0,0,0,0,98334,28784,0,0,304,188,1506,782,37378,86904,56,0,0,0,70806,43852,8454,2502,948,318,136,102,0,0,145654,8,8,258,0,55032,1626,12462,15712,na,na,na,na,na,na,na,na,27660,1522.85,145654,145654,147726,339,0,13874,144840,127118,1209600,4306,0,10,0,94299.84,0,32611.2,0,0,0,0,0,26748,60294,36370,3580,126,0,0,4,10,145654,na,414,56,858,13854,5230,50726,51582,4286,112,0,232,492,96974,44750,0,0,0,18,97040,238,80,0,0,0,0,0,0,0,0,918,192,88,0,0,2628,684,660,60,0,0,0,0,512200,149.02,162,35542,23230,7524,3046,10584,46574,492,46,80,0,0,0
118,0,2130706432,16,0,0,0,0,0,0,14576,28580,6344,0,0,0,18172,0,0,0,1112,2398,106306,87510,74480,8352,0,0,0,0,46,24,0,0,0,0,0,0,0,8760,40740,0,506,170,256,1014,1576,2298,43680,0,0,0,42824,3584,964,492,344,312,204,534,68,174,182018,4,0,0,0,18172,980,55514,18818,na,na,na,na,na,na,na,na,73540,117.95,182018,182018,201556,135,8,17468,180980,49756,1209600,2524,30,92,0,17477.76,0,31024.32,6,100,0,0,8730,25642,12324,2522,246,36,0,0,34,66,182018,0,1272,38,184,4798,8630,30042,4496,40,0,0,24,150,15866,712,0,116,300,0,20226,256,464,0,0,0,0,0,0,0,0,1152,0,0,0,0,442,90,110640,12434,45056,64,0,0,0,4.02,230,32926,13460,1106,252,462,270,280,744,0,0,0,0
38906,na,104,0,0,0,0,0,0,0,582,223814,1525996,644162,58176,10678,1023832,0,0,0,0,0,2124436,1762754,482332,304460,0,0,1488,0,186,58,0,0,0,0,0,0,1526052,728986,208370,0,3554,1764,6760,77026,1810020,564194,90,0,0,0,790274,599140,181220,145932,129370,127122,216926,273424,0,0,2607500,22,1154,1902,18,1023832,31812,257140,222948,206220,241660,na,na,na,na,na,na,28360,38905.32,2607500,2607500,2613444,17186,8726,14658,181340,2463408,1209600,71030,0,0,0,2146603.2,0,313891.2,0,0,0,0,0,6820,477756,1333362,592166,45732,7128,444,0,6,2607500,na,5334,530,53494,185008,81952,1256918,859414,20704,54,0,0,0,0,0,0,0,0,0,0,1636,120,0,0,0,0,0,0,0,0,19474,30224,6272,0,0,99782,13938,410600,87462,0,0,0,0,0,1005.5,1258,342472,422270,259406,132994,276622,275534,286070,227484,240540,16,0,0
115254,na,1028,956,0,0,0,0,0,0,149720,2275352,3597330,323570,10678,0,3036734,0,0,0,1388,2422,5575380,4751462,1153912,741530,0,0,0,0,426,7448,0,0,0,0,0,142540,3620986,1580518,1012606,0,3522,3134,7274,55084,4190490,2096850,294,2,0,0,1944132,1766850,702504,479074,351180,298816,711004,103090,0,0,6731270,408,1548,2082,16,3036734,105192,717310,433148,165180,190080,245160,198940,218180,na,na,na,128020,115253.52,6731270,6731270,6721048,39995,12246,62472,674140,6356650,1209600,175134,0,144,0,5721021.12,0,631884.48,0,0,0,0,15206,767800,3165970,2224678,160808,17304,4808,76,932,940,6731270,na,5920,762,92434,344006,204552,2483630,3184244,40864,238,0,888,22828,5625140,375238,0,27462,0,28,5768854,2958,920,0,0,0,0,0,0,0,0,51732,97846,23060,0,0,273064,56112,263780,76370,0,0,0,0,55410680,1583.24,1686,668810,631732,557980,334968,703820,693806,1112410,1328862,323698,564,0,0
285440,na,0,na,0,0,0,0,0,0,132302,4268612,14331434,3381362,14970,0,9790446,9640,0,0,0,0,18420448,14339868,8039204,2976514,0,0,2190,0,0,0,0,0,0,0,0,707938,13338342,7341350,741050,0,78202,52806,71790,95736,8155886,13674184,76,0,0,0,9756708,3338488,2594894,2066764,1552670,1130684,888958,671712,122886,4916,26469190,368,290,974,2520,9790446,284934,4877968,3134862,454420,410840,527720,338080,357400,335960,380380,304700,298620,285440.79,26469190,26469190,25658918,124859,849706,24040,971360,22128680,1209600,0,na,na,na,20329055.04,0,1759764.48,na,na,0,0,1468,1121728,8552528,10478182,1655022,265978,52432,1342,na,0,26469190,na,41270,7858,1045520,1309016,3620422,15008002,1075940,20648,4,0,na,na,na,na,na,na,na,na,na,29984,1620,0,0,0,0,0,0,0,0,225300,216936,33230,0,0,563064,75286,77761040,10318486,0,0,0,0,261283630,na,na,1966942,7159494,4476886,2171544,3216566,1387922,734562,394998,605278,14488,0,0
41708,na,2130706432,96,0,0,0,0,0,0,88,437710,1732228,367694,4408,0,1103108,0,0,0,0,0,2363314,2164252,253538,171680,0,0,0,0,266,36,0,0,0,0,0,213630,757146,965706,605646,0,1794,208,312,400,26330,2512442,642,0,0,0,692012,659328,532904,397050,221864,38854,116,0,0,0,2617062,0,174,92,0,1103108,23808,131108,121814,93260,142800,na,na,na,na,na,na,14960,41707.04,2617062,2617062,2625694,10918,7604,18118,195080,2542128,1209600,85508,2,40,0,2251126.08,0,288369.6,0,374,0,0,0,42028,982900,1246348,247334,19652,3732,134,14,20,2617062,na,2996,284,796,166510,90872,1747518,530052,3098,2,0,170,98,2240330,43652,0,86,0,12,2259110,1262,174,0,0,0,0,0,0,0,0,11242,19522,6690,0,0,71444,14146,7794200,794026,0,0,0,0,40707040,497.48,588,300278,387274,317490,164922,350588,307740,290274,196410,223616,3536,0,0
2592,0,84,na,0,0,0,0,0,0,4804,189320,242312,17824,0,0,179094,0,148,0,102,348,452276,422288,56138,18430,0,0,0,0,114,354,0,0,0,0,0,0,0,3770,450490,0,2042,232,286,288,306,260186,190920,0,0,0,298836,90482,37094,10708,5380,3852,3416,4148,338,6,508698,136,232,300,212,179094,6088,24776,31140,na,na,na,na,na,na,na,na,54300,2591.99,508698,508698,505238,938,11748,50072,506800,454748,1209600,0,na,na,na,217360.32,144631.68,90878.4,4,88,0,0,964,33624,278806,122820,16644,944,394,64,na,0,508698,0,2238,188,81916,82708,59208,103768,113986,9984,264,0,na,na,na,na,na,na,na,na,na,824,148,0,0,12320,146730,0,0,0,0,2676,302,38,0,0,23808,3928,434740,57032,0,0,0,0,1591990,545.06,478,241930,107824,45710,9130,8602,4094,7312,29480,0,178,0,0
48258,na,110,108,0,0,0,0,0,0,1110,133914,2222330,698740,31502,1732,1254792,0,0,0,0,0,2834940,2498362,563172,285540,0,0,0,0,262,104,0,0,0,0,0,69258,852178,1926912,240980,0,5020,4732,4372,113368,2098670,863152,14,0,0,0,1042588,785960,288064,220806,180066,150728,241840,179276,0,0,3398742,8,18,36,4,1254792,35630,363450,198554,177580,245180,na,na,na,na,na,na,134420,48257.62,3398742,3398742,3402090,19827,236,94538,971800,3089328,1209600,92176,20,154,0,2601762.24,0,484581.12,0,0,0,0,0,12534,1045598,1723402,287140,17644,3010,0,0,10,3398742,na,4426,570,49932,217146,181014,2049748,575756,10722,14,0,238,362,2614572,482,0,764,0,58,2629974,1754,126,0,0,0,0,0,0,0,0,20418,50628,9484,0,0,121008,19230,41480,5220,0,0,0,0,6973520,983.78,1306,508972,458980,359996,184798,386008,318742,285854,202452,374742,8784,0,0
20,0,26,12,0,0,0,0,0,0,156,6600,3498,0,0,0,3526,0,162,0,0,0,17394,14778,12204,490,0,0,0,0,20,28,0,0,0,0,0,0,0,0,10254,0,80,28,18,1900,262,7964,2,0,0,0,7886,604,122,56,124,186,1040,118,16,102,29630,2,2,0,0,3526,208,10264,1912,na,na,na,na,na,na,na,na,11960,19.01,29630,29630,32396,44,58,2822,29400,10310,1209600,474,2,8,0,3462.72,0,4671.36,0,4,0,0,148,4480,3594,2016,16,0,0,0,0,4,29630,0,2236,22,20,6,14,2212,4608,1094,42,0,12,46,3640,26,0,42,0,0,3722,60,84,0,0,0,0,0,0,0,0,192,0,0,0,0,118,24,10840,1076,0,6,0,0,0,1.08,54,7114,2776,208,12,16,32,58,38,0,0,0,0
78768,na,1036,916,0,0,0,0,0,0,41736,1569078,2649336,528638,8486,0,2240336,0,0,0,0,0,4433202,3928900,647152,435570,0,0,0,0,1198,1876,0,0,0,0,0,125752,2095130,2371676,204716,0,2488,536,1206,12322,2432992,2313608,34122,0,0,0,2123876,1023098,430270,329700,277896,381674,230742,18,0,0,5081078,0,312,76,0,2240336,62138,322860,321620,131200,166820,146500,169580,na,na,na,na,24940,78767.37,5081078,5081078,5100762,25146,30092,19842,234260,4797274,1209600,109378,0,218,0,4117753.92,0,676517.76,0,0,0,0,116,440326,1923892,1987724,411966,24988,7630,632,36,44,5081078,na,6244,826,36656,457986,227220,1972888,2039384,55698,372,0,1158,2186,3817292,42186,18,98,0,0,4159068,3302,956,0,0,0,0,0,0,0,0,29838,67128,14578,0,0,164342,21840,459460,118486,0,0,0,0,251810,1514.08,1720,722420,693184,355700,226408,595566,651748,560486,374596,612144,5022,0,0
310,0,2130706432,18,0,0,0,0,0,0,19726,20612,5332,0,0,0,18608,0,0,0,1644,2198,44484,38460,22224,3108,0,0,0,0,2,12,0,0,0,0,0,0,0,0,45670,0,312,70,92,1054,156,23758,20228,0,0,0,31888,6020,2694,1726,1124,706,486,734,124,168,68414,0,0,0,0,18608,576,14914,7164,na,na,na,na,na,na,na,na,21720,309.7,68414,68414,67222,114,0,6484,67880,45864,1209600,1232,2,6,0,20674.56,15883.2,8044.8,0,36,0,0,17518,19510,7016,884,718,20,4,0,0,4,68414,0,1398,56,46,692,1112,21298,19748,1320,0,0,22,26,21518,244,0,4,0,0,21544,120,80,0,0,0,15890,0,0,0,0,604,68,28,28722,3506,914,192,87680,8770,58946,712,0,0,0,2.18,126,25492,6718,3296,1368,2002,1644,1860,3278,12,0,0,0
496,na,16,14,0,0,0,0,0,0,26300,15944,2984,0,0,0,na,na,na,na,na,na,na,na,na,na,0,na,na,na,22,26,0,0,0,0,0,0,0,28936,16292,0,1250,114,144,156,524,43040,0,0,0,0,22774,7324,11930,2072,362,182,492,92,0,0,na,0,2,2,0,na,na,na,na,na,na,na,na,na,na,na,na,na,496.17,na,na,58272,170,0,5548,na,45228,na,1252,0,6,0,28290.24,0,15856.32,0,32,0,0,16610,22418,4894,754,552,0,0,0,6,22,na,na,1250,60,364,1002,1080,3958,33896,3536,82,0,16,54,27372,4344,0,0,0,0,29684,296,272,0,0,0,0,0,0,0,0,na,0,0,0,0,518,108,940,94,0,0,0,0,0,194.44,136,17412,7886,1688,574,1146,666,1048,14808,0,0,0,0
285204,na,0,0,0,0,0,0,0,0,0,0,0,0,0,0,11274804,0,0,0,9356,18590,22051762,20302410,3246582,1380524,0,0,0,0,0,0,0,0,0,0,0,0,0,0,0,0,0,0,0,0,0,0,0,0,0,0,0,0,0,0,0,0,0,0,0,0,25310332,0,0,0,0,11274804,246354,1474406,1760578,174860,223560,268560,122160,155440,150740,181440,105180,174320,285204.1,25310332,25310332,3022,0,0,85882,1078500,0,1209600,0,0,0,0,20365337.28,0,3616989.12,0,0,0,0,0,0,0,0,0,0,0,0,0,0,25310332,na,0,0,0,0,0,0,0,0,0,0,0,0,0,0,0,0,0,0,0,0,0,0,0,0,0,0,0,0,0,115484,0,0,0,0,0,0,0,0,0,0,0,0,0,0,0,0,0,0,0,0,0,0,0,0,0,0,0
1135300,2,na,na,0,0,0,0,260118,4844556,24207776,32063224,12784268,2916302,543734,21310,36208284,13700,74,na,2040086,2962248,60110068,51796126,20752902,8437658,na,0,986,0,16910,6020,0,0,0,0,0,0,43372,18058808,59539108,0,100914,28700,32910,140794,716130,70352434,3449284,2820102,20,0,34092018,13094790,10643734,5626922,3376434,2489552,1980054,1615146,934254,3788384,82914406,na,na,90828,2296,36208284,909824,4761226,15966786,284980,306700,262960,288160,318360,252780,298520,252240,119600,1135300.13,82914406,82914406,81619156,362369,na,na,528980,77679292,1209600,2233480,na,na,na,57527831.04,0,20054227.2,126,8446,47314,533002,5686814,11428924,17608108,12647516,8035748,7634204,8864026,5155632,na,na,82914406,0,97540,13628,3358720,15280722,3686486,27817924,27011048,373190,2028,2,7478,1684,18440812,11628518,24190,13202,0,0,19472220,254364,na,na,na,na,na,na,na,na,na,550564,na,na,na,na,na,na,na,na,na,na,na,na,na,na,30622,20922934,9429366,4334378,1705668,2941378,2447804,4436418,30370056,1039116,14170,na,na
64296,na,2130706436,938,0,0,0,0,0,0,210,41516,2823832,2190648,69042,0,2236414,0,0,0,0,0,4186570,3345040,1206592,744170,0,0,0,0,2220,298,0,0,0,0,0,2538,188424,3458916,1475370,0,4278,2344,2620,3284,110180,4998614,3926,2,0,0,1978774,1257828,570770,400202,306798,229204,259066,122606,0,0,5394002,84,46,376,24,2236414,83994,455688,742732,249500,251860,314020,256580,na,na,na,na,124740,64295.49,5394002,5394002,5383486,28546,100,48358,546260,5125248,1209600,192612,2,74,0,4095310.08,0,1025730.24,4,1660,0,0,0,9586,1154188,3218152,691492,47542,4288,0,2,6,5394002,na,8122,1004,377770,546992,460920,3501346,223466,5598,30,0,1494,800,4135392,311870,0,16,0,16,4138706,3790,134,0,0,0,0,0,0,0,0,51630,47844,21134,0,0,170668,25140,17733500,1774376,0,0,0,0,6434670,1837.6,1948,1057240,1142344,560662,326744,875328,822132,195396,82798,62162,442,0,0
103212,na,1470,1434,0,0,0,0,0,0,199244,3127958,4525260,1087224,23156,0,3809472,0,0,0,72,208,9067012,7576274,1728166,767428,0,0,0,0,856,240,0,0,0,0,0,45972,5633278,3283590,2,0,24452,7928,13912,266174,5818582,2831526,268,0,0,0,4250998,1766132,662482,464756,424190,493212,760620,140452,0,0,10806954,0,34,326,68,3809472,161692,798790,916776,170280,193660,182200,175440,211340,186380,178960,194700,145000,103212.16,10806954,10806954,10889910,35682,13562,63598,1032280,8962842,1209600,567112,2,448,0,7289583.36,0,1634636.16,0,0,0,0,3502,504680,2583182,3303836,1869476,546878,141830,9458,26,92,10806954,na,62250,9502,163184,1732824,766220,5060504,1160218,8140,0,0,2474,584,7323566,52732,30,109980,298,24,7408540,32752,1018,0,0,0,0,0,0,0,0,103424,101138,16532,0,0,534432,77284,437280,59332,0,0,0,0,4432530,16541.32,20430,1833320,3114778,919024,381166,548096,394792,300000,250916,1006574,214176,0,0
3490,na,2130706462,186,0,0,0,0,0,0,284,7516,160092,28966,0,0,98210,0,0,0,0,0,187666,168904,22438,13142,0,0,0,0,194,72,0,0,0,0,0,8144,168722,19992,0,0,222,40,88,110,1126,195224,48,0,0,0,72644,91526,20778,8620,2374,432,356,128,0,0,210174,112,1358,526,0,98210,2492,9960,12402,na,na,na,na,na,na,na,na,21800,3490.85,210174,210174,213150,779,1312,20628,209440,196858,1209600,4454,2,8,0,180573.12,0,16018.56,0,38,0,0,0,1826,115254,77132,2148,450,48,0,2,8,210174,na,420,54,1052,9682,2902,92890,85318,4338,194,8,296,260,180760,122286,0,14,0,14,182602,208,94,0,0,0,0,0,0,0,0,1478,538,376,0,0,2714,670,1127800,113920,9730,44,0,0,2490880,149.6,166,18192,21900,9124,4336,11730,131078,494,4,0,0,0,0
42002,na,318,300,0,0,0,0,0,0,4586,673594,1397464,364098,47328,3392,1145180,0,0,0,0,0,2186652,1864120,400576,274540,0,0,0,0,258,118,0,0,0,0,0,75122,1508486,906854,0,0,1262,446,924,160748,1758478,568576,28,0,0,0,818718,579802,167300,124336,102812,102836,197358,397294,6,0,2587708,244,396,1812,10,1145180,32314,172536,226286,170440,200060,na,na,na,na,na,na,25040,42002.04,2587708,2587708,2584532,19162,67754,13110,162260,2490462,1209600,76884,0,70,0,1999011.84,0,489934.08,0,0,0,0,0,160598,1018700,1012068,276720,20008,2264,104,7310,7320,2587708,na,3122,402,64694,327554,107080,843550,1126990,16604,464,2,642,302,1836730,61174,0,35432,0,10,2019760,1720,214,0,0,0,0,0,0,0,0,18062,51798,9236,0,0,75580,12706,186780,171612,0,0,0,0,2002060,816.9,920,509578,275210,183008,99942,232776,191072,187876,174800,497152,139048,0,0
68664,na,1902,1516,0,0,0,0,0,0,1704,554172,3325652,841618,11492,30,2200370,0,0,0,0,0,3921166,3106668,1126962,736098,0,0,0,0,3048,4326,0,0,0,0,0,203734,2845020,1291540,394374,0,3832,1242,2592,109806,3548586,1045288,23322,0,0,0,2005640,948582,441074,312566,313474,621906,91426,0,0,0,5048908,0,296,56,70,2200370,95984,635706,488896,295740,269580,278060,238840,na,na,na,na,36700,68663.19,5048908,5048908,5041816,27519,21902,14916,202120,4734668,1209600,180040,2,154,0,4018670.4,0,711709.44,0,0,0,0,0,31938,1364820,2621822,675138,31714,7912,1324,2188,2214,5048908,na,7076,802,121754,397092,294744,3055130,816728,40938,404,0,1760,10924,3906438,7336,0,11414,0,38,4085802,3022,594,0,0,0,0,0,0,0,0,46618,82260,14478,0,0,239242,59716,644700,112170,0,0,0,0,9779320,1464.18,1826,758568,841306,729212,379440,692614,430700,310726,201782,375458,14862,0,0
99866,na,2154,1530,0,0,0,0,0,0,8530,506184,5315828,2950454,125602,2536,3779390,20672,0,0,0,0,7843580,6820020,2322586,827986,0,0,0,0,7316,1642,0,0,0,0,0,241252,2705232,3502852,2459798,0,7092,4966,12086,633586,6573736,1677652,16,0,0,0,3795430,2460882,949656,546830,339860,228276,231388,356572,240,0,10167684,1776,3720,3380,8,3779390,120486,1409790,902740,248900,307180,173400,220140,320800,332820,243060,400400,57740,99865.68,10167666,10167666,9710862,43438,10948,85730,471420,8909134,1209600,237498,0,346,0,6136128,0,1143910.08,0,0,0,0,902,160026,1924556,5598062,1136882,75734,12804,168,210,248,10167666,na,12372,1626,144376,807984,517570,6355288,1041756,27622,540,0,3688,3626,6299710,463858,72,113964,0,0,7756660,5794,176,0,0,0,0,0,0,0,0,66228,70900,14356,0,0,257948,42296,3559580,396140,0,0,0,0,43593070,3225.38,3534,1210112,2947324,892706,522224,2503332,726734,22146,17802,61492,5262,0,0
53192,na,1564,1424,0,0,0,0,0,0,240,65226,5566646,1351152,4250,0,3164740,70108,0,0,0,0,4963414,3180076,2237198,1737088,0,0,99944,0,4650,424,0,0,0,0,0,28010,232656,6689048,37800,0,3256,1580,1836,559166,5169824,1249988,1864,0,0,0,3328010,1261336,505562,357846,292804,261796,351856,628304,0,0,7200620,0,1438,600,0,3164740,148518,590010,1641156,403400,302380,398260,409840,323360,na,na,na,394880,53191.81,7200620,7200620,7193428,39694,82856,111666,1148500,6987514,1209600,257060,18,106,0,4308226.56,0,2676361.92,0,0,0,0,0,15230,357004,4259200,2270028,80908,4694,450,568,580,7200620,na,3054,460,412116,1601270,965780,3017482,973638,13230,484,0,2026,1156,3807282,64850,78,1646,0,40,4357432,5698,566,0,0,0,0,0,0,0,0,88028,38474,8138,0,0,174988,39244,1125340,394306,0,0,0,0,23191880,980.54,868,2705972,1857090,1076604,449082,572968,202604,62780,31628,28786,0,0,0
40178,na,286,266,0,0,0,0,0,0,738,204434,1715442,756898,34172,1058,1103198,0,0,0,0,0,2311300,1886558,755112,368512,0,0,1838,0,376,164,0,0,0,0,0,10714,1132052,856172,713804,0,1768,658,948,8176,1738410,958882,3900,0,0,0,1031620,611060,266704,182746,129248,104316,188102,198946,0,0,3066848,36,766,118,8,1103198,42246,508198,244794,284780,306320,na,na,na,na,na,na,158920,40178.93,3066848,3066848,3059980,17269,16,60962,641880,2712742,1209600,88342,2,44,0,2356655.04,0,354374.4,0,0,0,0,0,5074,627754,1590656,467004,16916,4854,484,68,74,3066848,na,3736,444,98896,173708,150236,2069210,207492,8918,94,8,486,332,2341612,53922,0,780,0,24,2379254,1482,68,0,0,0,0,0,0,0,0,23324,42820,18840,0,0,58374,18178,8939360,903990,0,0,0,0,39178950,1290.42,1074,377708,410732,344810,227584,690508,543634,111122,6466,178,0,0,0
10504,na,2130706432,432,0,0,0,0,0,526,23624,146036,400128,65976,0,0,233780,0,0,0,2454,3404,661286,640138,107394,14680,0,0,0,0,564,144,26090,12918,8464,13356,5858,58760,147018,149642,214184,0,7110,8272,4444,4286,207142,405032,4,0,0,0,180116,330906,80154,28048,12092,3886,814,270,4,0,771210,22,736,706,0,233780,2740,93494,13798,na,na,na,na,na,na,na,na,106580,10504.56,771210,771210,770256,2319,0,76614,769860,636290,1209600,9082,2,20,0,552503.04,0,83328,0,0,0,0,15422,69626,269594,271484,8336,1652,176,0,0,14,771210,na,606,104,564,71796,15684,260108,283532,3882,14,0,744,532,554234,332972,0,362,0,24,554460,310,40,0,0,0,4,0,0,0,0,1842,1442,882,0,0,6338,1158,3192700,319178,32806,2572,0,0,9504610,201.02,200,85734,42846,53720,67756,154572,223728,4616,1676,1642,0,0,0
202274,na,2130706432,346,0,0,0,0,0,0,34462,2028290,6007456,2902342,170574,8402,4706610,0,0,0,382,660,10050588,8907046,1385346,1048848,0,0,0,0,582,254,0,0,0,0,0,421940,5784944,3660336,1284306,0,19116,5800,9464,1075584,8375110,1664488,1946,16,2,0,3040832,3233882,1374216,887174,599070,431668,392026,1184148,8510,0,11437120,8598,16764,3142,2,4706610,125034,834158,547058,164740,131740,123400,104300,129520,162040,152520,172340,76220,202274.96,11437120,11437120,11483098,74332,11724,48598,537460,11151526,1209600,268436,2,102,0,10021988.16,0,1124246.4,0,0,0,0,1622,398962,3319804,4806404,2495104,110664,17860,1106,1552,1592,11437120,na,9924,1344,121786,673026,204312,4793810,5289702,57244,378,0,652,488,9976092,2321150,0,111872,0,20,10057396,4512,606,0,0,0,0,0,0,0,0,65458,297836,63684,0,0,184776,49172,22617040,2364992,0,0,0,0,7147360,2530.64,2716,1170104,1084732,891752,511724,1344400,1569618,2814748,1365652,386398,12398,0,0
364,na,26,26,0,0,0,0,0,0,86,9230,16288,418,0,0,10666,0,50,0,0,0,25876,22206,11796,1424,0,0,0,0,14,6,0,0,0,0,0,0,19020,5794,1208,0,1322,32,46,92,136,24278,116,0,0,0,14246,8734,2286,264,56,38,386,12,0,0,37696,64,12,138,2,10666,362,8268,3440,na,na,na,na,na,na,na,na,11600,364.23,37696,37696,37852,87,0,3616,37460,26022,1209600,806,6,2,0,21163.2,0,3594.24,na,na,0,0,0,1604,22606,1320,374,96,22,0,0,4,37696,na,1276,8,152,1178,588,8426,13478,914,2,0,44,56,18782,10564,0,44,0,0,19166,54,30,0,0,0,0,0,0,0,0,260,10,6,0,0,500,116,300,30,0,0,0,0,0,na,na,5236,3904,2060,726,4358,9692,14,12,20,0,0,0
81118,na,2056,1878,0,0,0,0,0,0,8418,1230970,3763704,476522,49242,1124,2379000,0,0,0,0,0,4952882,4321408,810942,537144,0,0,0,0,1658,554,0,0,0,0,0,54522,3492316,1003826,979316,0,3910,1474,3920,416676,4097726,1006026,248,0,0,0,1375196,1610538,431536,377046,387882,387302,508822,449012,2646,0,5764866,8,10,152,46,2379000,67918,431362,375888,144880,166260,139260,243620,na,na,na,na,106760,81117.13,5764866,5764866,5772876,39234,4788,86398,914100,5529980,1209600,235518,4,130,0,4954848,0,571191.36,0,0,0,0,0,191464,2116584,2894672,292636,26260,7776,588,36,394,5764866,na,7804,1152,153710,332514,199204,3053122,1736094,46158,222,0,2432,1384,4846340,42792,0,892,0,22,5022136,3076,334,0,0,0,0,0,0,0,0,36804,75652,32394,0,0,153086,36094,10074580,1399348,366518,81034,0,0,5064110,2753.96,2156,613454,1258024,933204,444540,777828,537256,346558,217222,381600,20294,0,0
41786,na,588,504,0,0,0,0,0,0,9516,784906,1714768,318454,6962,0,1228372,0,0,0,0,0,2576368,2293948,366718,238068,0,0,0,0,784,268,0,0,0,0,0,207608,1973750,338672,314572,0,1820,682,1206,187906,2103912,538856,220,0,0,0,938692,639514,270356,234176,224054,288940,238868,0,0,0,2943574,0,8,456,24,1228372,28020,169956,195708,170600,137280,na,na,na,na,na,na,54080,41785.76,2943574,2943574,2916580,18362,69264,48868,518980,2834618,1209600,104702,2,56,0,2423288.64,0,408167.04,0,0,0,0,0,97820,948866,1312148,440960,28842,5066,900,8014,8044,2943574,na,3812,436,46524,248828,121518,1659916,730568,22502,496,0,712,660,2338414,80506,226,54994,0,54,2453250,1828,474,0,0,0,0,0,0,0,0,15500,45474,8014,0,0,96148,18808,154000,154772,0,0,0,0,2840700,1050.64,1118,431872,495580,411820,223704,423156,350586,191422,112692,186566,7204,0,0
39310,na,2130706432,602,0,0,0,0,0,0,3090,424838,1332160,654616,30136,118,1051910,0,0,0,0,0,2194540,1894354,406964,250962,0,0,0,0,6908,292,0,0,0,0,0,0,696552,1586742,161664,0,1710,486,932,170142,2017830,253834,24,0,0,0,567392,735738,217928,164100,132810,118426,153240,352018,3306,0,2602134,56,32,140,16,1051910,29938,256350,149650,156860,204680,na,na,na,na,na,na,39740,39309.37,2602134,2602134,2600826,18225,27710,14528,176580,2444958,1209600,73060,2,56,0,2252826.24,0,189770.88,0,0,0,0,0,58164,749482,1097392,513078,21418,4868,556,32,36,2602134,na,3728,484,6776,108450,123140,1845940,345298,10906,236,0,830,754,2153516,4720,0,458,0,22,2272160,1742,94,0,0,0,0,0,0,0,0,17818,38658,14790,0,0,45838,9604,8785520,979352,0,0,0,0,9309370,1025.64,1250,200330,551152,294520,135886,289026,310266,304906,171352,187520,0,0,0
1356,na,146,100,0,0,0,0,0,0,82,36280,54956,10,0,0,1364,0,50318,0,0,0,98220,43988,7278,172,0,0,0,0,42,72,0,0,0,0,0,0,42256,6560,42512,0,130,34,46,56,5478,85546,38,0,0,0,39552,45022,6190,462,54,34,14,0,0,0,105542,0,8,20,0,1364,180,5908,1358,na,na,na,na,na,na,na,na,7080,1356.63,105542,105542,108108,271,0,10352,105020,91328,1209600,2744,2,10,0,80110.08,0,11097.6,0,0,0,0,0,12292,65922,11694,1166,244,10,0,6,12,105542,na,244,34,302,7602,2184,43142,35268,2512,40,0,130,64,80920,48,0,122,0,136,81326,120,96,0,0,0,0,0,0,0,0,2090,216,80,0,0,2128,420,1360,164,0,0,0,0,292810,99.78,90,12528,15540,5340,2806,41692,13090,146,100,86,0,0,0
1410038,na,na,na,0,0,0,0,0,8388,3082518,27359966,49792270,13044370,137614,2378,482540,54136,0,0,0,0,804146,362832,720384,407854,na,0,2736,0,0,0,0,0,0,0,0,3174078,34781812,53258974,2212640,0,103150,84194,160646,298044,30773478,61962546,45366,64,14,2,34999706,13834474,9070678,7670102,7736568,10161988,7170002,1327538,701908,754540,1524732,na,na,8900,6556,482540,15260,189368,529484,552700,na,na,na,na,na,na,na,164800,1410037.95,1524732,1524732,97045636,659088,na,28514,312440,93427504,1209600,0,na,na,na,87030910.08,0,6261609.6,0,0,0,0,409790,13046216,41679600,32805486,4879620,513956,89994,2842,na,na,1524732,na,85438,18782,3465236,3298920,17432366,64924718,4136698,65298,48,0,na,na,na,na,na,na,na,na,na,49972,na,na,na,na,na,na,na,na,na,13464,na,na,na,na,na,na,na,na,na,na,na,na,na,31155.16,44110,6610634,19074394,17038332,10329892,23687464,10889892,4055808,988666,743156,9266,na,na
12,0,2,2,0,0,0,0,0,0,2,14,3170,0,0,0,338,0,0,0,0,0,6798,6136,5324,250,0,0,0,0,4,30,0,0,0,0,0,0,0,974,2212,0,26,14,22,908,116,384,1716,0,0,0,1930,274,88,50,100,140,472,50,12,70,12122,0,2,0,0,338,66,4472,780,na,na,na,na,na,na,na,na,5240,11.61,12122,12122,14766,19,0,1184,12060,3204,1209600,204,2,0,0,1309.44,10.56,900.48,2,10,0,0,0,12,1854,1248,66,6,0,0,0,4,12122,0,1014,10,4,36,124,808,964,226,0,0,2,80,1232,334,0,8,0,0,1390,16,60,0,0,0,14,0,0,0,0,88,0,0,0,0,42,14,7780,782,4960,8,0,0,0,0.58,20,1938,826,214,74,40,28,48,18,0,0,0,0
36844,na,372,362,0,0,0,0,0,0,47804,626928,1735772,162214,16334,40,1043962,0,0,0,2970,4494,2365734,2132418,303648,197198,0,0,0,0,232,36,0,0,0,0,0,3160,306450,1863652,415830,0,2592,2254,3378,7574,1083282,1474930,15082,0,0,0,802938,748492,369066,223108,145830,98462,90396,109018,1782,0,2672732,1202,1002,388,4,1043962,24656,130696,171600,130720,140440,na,na,na,na,na,na,27740,36844.75,2672732,2672732,2670074,15171,896,22382,248000,2589092,1209600,87250,2,66,0,2115047.04,0,472249.92,0,0,0,0,22990,183852,1423066,856026,93990,8418,750,0,0,4,2672732,na,3650,424,45716,308960,107042,1211042,903312,8894,52,0,460,102,2134618,334496,0,40,0,50,2142758,1632,662,0,0,0,0,0,0,0,0,13300,13092,5994,0,0,60722,13790,6478420,654400,0,0,0,0,6844780,852.36,998,487490,482262,280260,134922,329394,297852,286060,147228,136784,6840,0,0
32156,na,258,220,0,0,0,0,0,0,920,34524,1480182,613298,41896,3500,1143358,23236,0,0,0,0,1688432,1277274,620948,359686,0,0,2410,0,596,142,0,0,0,0,0,13248,978730,1181218,1124,0,5958,4802,5914,154000,1508848,494754,42,2,0,0,770834,473610,244138,172900,111972,93260,112682,194920,4,0,2309680,20,44,164,0,1143358,49702,247606,370652,396900,na,na,na,na,na,na,na,219340,32155.82,2309680,2309680,2300050,14942,45536,105660,1095560,2174320,1209600,56068,0,90,0,1912640.64,0,259017.6,0,0,0,0,0,232,455516,1313808,385466,15724,3438,136,10,18,2309680,na,4216,372,18242,115614,99704,1529864,397718,8438,152,0,296,422,1602032,30424,24,516,0,0,1926198,1550,148,0,0,0,0,0,0,0,0,33732,12764,2644,0,0,52230,9300,1095740,206592,651186,2056,0,0,2325210,959.26,970,272454,460388,286868,152552,373038,363388,154866,59908,49912,946,0,0
4,na,52,28,0,0,0,0,0,0,36,560,4934,0,0,0,2282,0,0,0,0,0,5432,3880,10728,272,0,0,0,0,12,32,0,0,0,0,0,0,0,0,5530,0,1004,16,12,18,278,4202,0,0,0,0,4000,572,122,230,36,28,86,444,12,0,16180,0,6,0,0,2282,160,9078,1628,1310700,1310700,1310700,1310700,1310700,1310700,1310700,1310700,10620,4.36,16180,16180,18348,20,160,1512,16100,5530,1209600,380,0,6,0,2759.04,0,1784.64,na,na,0,0,0,728,3796,950,56,0,0,0,8,12,16180,na,996,8,20,162,50,786,2764,740,4,0,46,102,1882,90,0,20,0,0,3018,28,48,0,0,0,0,0,0,0,0,98,0,0,948,138,90,42,4300,430,17146,48,0,0,0,na,na,2966,2148,220,56,98,32,10,0,0,0,0,0
14,0,12,10,0,0,0,0,0,0,2544,2532,1148,0,0,0,1950,0,0,0,0,146,16190,14322,4828,504,0,0,0,0,16,34,0,0,0,0,0,0,0,5116,1108,0,62,6,8,242,900,912,4094,0,0,0,5012,302,86,32,68,144,36,432,12,100,21032,0,2,2,0,1950,120,3022,1798,na,na,na,na,na,na,na,na,4740,14.58,21032,21032,27292,23,0,1914,20900,6276,1209600,286,2,2,0,2233.92,0,2888.64,0,24,0,0,2222,1998,898,1098,8,0,0,0,0,4,21032,0,1162,8,10,6,498,198,3740,602,0,0,14,106,2670,62,0,0,0,0,2670,48,40,0,0,0,0,0,0,0,0,122,0,0,0,0,0,0,6840,682,0,8,0,0,0,81.16,44,4186,1762,196,60,20,0,0,0,0,0,0,0
40302,na,2130706432,346,0,0,0,0,0,134,5098,858180,1334552,162734,3534,0,1049930,0,0,0,0,0,2147582,1867286,394420,231390,0,0,0,0,382,104,0,0,0,0,0,90,656108,666100,1041934,0,1634,744,1000,1532,30142,2328284,896,0,0,0,640392,480124,242794,203740,182786,322934,291462,0,0,0,2542514,70,1508,354,6,1049930,31670,225800,166756,180500,197160,na,na,na,na,na,na,12180,40302.91,2542514,2542514,2545322,18258,62996,8776,117480,2364232,1209600,78548,2,54,0,2121327.36,0,240662.4,4,576,0,0,0,101666,876360,1100718,263186,16494,4628,1180,342,354,2542514,na,3358,480,74490,119552,119438,1752078,281090,13656,90,0,654,240,1828646,266814,0,19798,0,88,2134160,1388,220,0,0,0,0,0,0,0,0,16200,26408,12834,0,0,52726,16898,4508940,911326,0,0,0,0,302920,903.94,976,259988,344762,274990,138324,285394,234268,245536,231078,349802,90,0,0
1302,na,96,54,0,0,0,0,0,0,41790,59750,1782,0,0,0,43796,0,0,0,2438,4436,95562,74838,50396,5622,0,0,0,0,108,60,0,0,0,0,0,0,0,44076,59246,0,1426,176,200,158,844,100518,0,0,0,0,41972,42978,15098,1806,640,190,100,502,36,0,148562,16,8,2,0,43796,1544,28864,21118,na,na,na,na,na,na,na,na,48780,1301.07,148562,148562,141592,380,456,13552,147020,103322,1209600,3266,0,12,0,72693.12,0,29285.76,0,86,0,0,19052,76746,5918,1472,124,10,0,0,0,4,148562,na,1588,70,5388,3366,11516,74186,7208,0,0,0,98,134,73080,3380,0,60,0,0,77840,326,156,0,0,0,0,0,0,0,0,1424,42,12,0,0,2322,438,14140,1614,0,0,0,0,301080,245.76,296,32060,15194,7364,2972,7586,11730,6860,19472,84,0,0,0
81886,na,432,372,0,0,0,0,0,0,45474,1850854,2708744,268472,3180,220,2211176,0,0,0,0,0,4348038,3811548,703852,456878,0,0,0,0,346,700,0,0,0,0,0,67182,2064498,972908,1772356,0,2874,1234,1982,12284,2168450,2690088,30,2,0,0,1543772,1495494,695982,444508,292642,202128,179172,23246,0,0,5052560,124,492,180,4,2211176,66406,404422,295766,145680,173500,173560,175900,na,na,na,na,27380,81885.14,5052560,5052560,5058898,24461,3462,16108,204660,4876944,1209600,95112,0,170,0,4391257.92,0,482378.88,0,0,0,0,5230,1078522,2669758,1038538,72964,10422,1510,0,4,8,5052560,na,5552,760,133508,240836,242836,3805728,426112,21546,66,0,372,882,3871050,49428,54,12006,0,0,4431306,3010,418,0,0,0,0,0,0,0,0,32902,60040,15890,0,0,203672,27182,1843980,193866,0,0,0,0,42179700,1597.68,1666,515846,623444,503940,248146,655988,1190344,1053392,84708,1070,66,0,0
90060,na,2130706460,1252,0,0,0,0,0,0,25540,1937308,2689704,764400,10658,0,2318252,0,0,0,0,0,5376136,4911848,762444,372534,0,0,0,0,1924,528,0,0,0,0,398,350070,2745212,1527282,804648,0,3178,528,1298,1936,130554,5288586,1530,0,0,0,1785738,1120430,615274,475512,391702,340202,597952,100800,0,0,6139644,0,1492,382,10,2318252,52772,519792,241034,127460,143220,108320,241480,120740,na,na,na,11640,90059.84,6139644,6139644,6154324,27702,66390,3452,79060,5427610,1209600,204276,2,74,0,4807309.44,0,615320.64,0,714,0,0,6,344992,1898814,2145842,936818,84006,15466,1666,178,206,6139644,na,7522,1256,8756,401900,207968,3798116,996262,5830,0,0,2106,1222,4696470,84556,0,3146,0,32,4822326,4150,192,0,0,0,0,0,0,0,0,29126,99830,33978,0,0,163200,33732,13370980,1478620,0,0,0,0,13567320,2605.16,2318,655672,742516,725496,419900,808236,609488,441202,308858,664978,51264,0,0
1868,na,0,na,0,0,0,0,0,0,18834,73304,7974,492,0,0,50954,0,52,0,0,0,94494,86646,15338,4904,0,0,0,0,0,0,0,0,0,0,0,4292,63084,7422,25806,0,154,50,84,66,600,96710,2940,0,0,0,35890,41028,12840,5652,3050,754,492,512,344,42,109852,8,562,406,0,50954,1188,8534,6768,1310700,1310700,1310700,1310700,1310700,1310700,1310700,1310700,15100,1869,109852,109852,112462,388,330,10784,109520,100604,1209600,0,na,na,na,92932.8,0,7541.76,na,na,0,0,7104,47720,43460,1966,292,46,16,0,na,4,109852,na,96,18,2704,3416,3836,79150,10616,768,0,0,na,na,na,na,na,na,na,na,na,108,36,0,0,0,0,0,0,0,0,620,258,50,0,0,2176,550,137540,14474,0,972,0,0,869170,na,na,8392,9002,5774,3198,6344,54258,12524,272,696,144,0,0
47302,na,2130706434,2318,0,0,0,0,0,0,94030,1725312,981886,116170,1902,0,1264466,0,0,0,1648,3340,2499588,2101834,571686,352608,0,0,0,0,1584,1650,0,0,0,0,0,24106,1923288,380098,591808,0,18820,194,390,574,9402,2887082,2838,0,0,0,817368,817288,327504,243898,191094,285690,236458,0,0,0,3073326,180,1166,434,0,1264466,38988,287846,282306,208820,243540,na,na,na,na,na,na,114560,47301.59,3073326,3073326,3070492,17749,1844,61780,648700,2919300,1209600,83066,2,84,0,2533699.2,0,365494.08,0,224,0,0,2096,472600,1497066,823468,112826,8796,2252,196,80,84,3073326,na,21140,448,95342,183682,127418,2039402,424652,26580,632,4,3138,2428,2561972,235680,0,1956,0,10,2568512,2830,290,0,0,0,0,0,0,0,0,21862,45286,16102,0,0,59418,11840,5796140,603860,0,0,0,0,7345660,1069.86,1092,409778,404252,278372,155020,389704,490028,391408,259430,140718,590,0,0
20,na,2130706432,30,0,0,0,0,0,0,40,9698,3338,0,0,0,5110,0,0,0,0,0,12860,6928,12622,2594,0,0,0,0,60,30,0,0,0,0,0,0,7132,0,5944,0,84,8,24,38,828,12090,4,0,0,0,11868,826,204,116,42,14,6,0,0,0,25538,0,4,16,0,5110,368,6354,6116,na,na,na,na,na,na,na,na,12400,19.7,25538,25538,28318,14,348,2346,25320,13076,1209600,752,2,6,0,4952.64,0,8042.88,0,30,0,0,0,5630,6402,940,80,24,0,0,4,12,25538,na,162,28,30,22,628,4186,7178,842,0,0,50,100,6128,28,0,20,0,44,6702,108,44,0,0,0,0,0,0,0,0,390,0,0,0,0,230,54,16540,2802,0,0,0,0,0,61.04,60,8642,4116,318,0,0,0,0,0,0,0,0,0
53806,na,1124,1078,0,0,0,0,0,0,670,128442,1467420,861828,36416,3850,1114834,0,0,0,0,0,2242370,1973012,345750,235830,0,0,0,0,1372,244,0,0,0,0,0,11864,313702,1532138,640922,0,2754,3400,5026,86014,1861192,539866,374,0,0,0,557172,605138,236892,223404,211842,195046,223610,245522,0,0,2588428,10,16,62,10,1114834,31208,191080,153496,145260,170200,na,na,na,na,na,na,26640,53806.38,2588428,2588428,2596694,20599,1122,13972,164980,2498626,1209600,85258,0,36,0,2233440,0,258748.8,0,0,0,0,0,37234,459112,1538182,436162,23388,4454,94,6,16,2588428,na,3430,552,49730,156788,89698,1336042,848328,13928,130,0,1592,636,2246000,6156,0,12,0,0,2249270,1458,122,0,0,0,0,0,0,0,0,15726,37544,6610,0,0,84368,16686,3400,3692,0,0,0,0,23774900,1771.2,872,269660,462414,262238,113342,205886,153686,155694,153514,636600,85592,0,0
399504,6,1656,1218,0,0,0,0,0,577298,8672162,10773144,5143968,1136452,308894,16294,13985992,0,262,0,251984,411644,24428714,21872116,7921346,2508876,0,0,0,0,4142,6312,0,0,0,0,0,2018,65800,14500410,12059984,0,64666,17132,30432,65582,340800,25032530,717064,360006,0,0,8323766,4651668,3620624,2418914,1656970,1304608,1087738,873266,467146,2223512,32604432,916,136,2628,94,13985992,446606,5145986,2762776,319580,315500,311620,219480,264500,222800,252180,240300,236900,399503.94,32604432,32604432,32427740,158684,64,94994,1121340,26637402,1209600,1146112,5528,544,0,22833037.44,963109.44,2228403.84,14666,18338,0,22348,1089980,4072910,7880558,6218134,4264794,2283230,747628,48630,108,142,32604432,0,59484,14196,2636964,1292508,1346312,17309916,3866976,101774,82,0,1160,9062,21737496,1179700,0,2670,286,0,23174188,30542,3886,0,0,18170,998412,0,0,0,0,209198,195066,32594,90641136,10889362,1365548,158096,934520,104000,32246220,505400,0,0,339503220,27285.88,25838,3796890,5316898,3577062,1217914,2288404,2029210,2929516,5432548,39770,0,0,0
16,0,38,20,0,0,0,0,0,0,1790,1742,1682,0,0,0,3544,0,0,0,0,0,15074,14258,6274,290,0,0,0,0,16,50,0,0,0,0,0,0,0,0,5214,0,22,10,14,432,500,560,3676,0,0,0,3468,420,158,124,96,98,386,98,198,168,21352,0,20,0,0,3544,90,5652,622,na,na,na,na,na,na,na,na,6240,16.94,21352,21352,24136,26,0,2102,21320,5236,1209600,238,2,2,0,1647.36,9.6,2656.32,4,10,0,0,1438,1304,1246,782,440,4,0,0,10,10,21352,0,932,0,8,158,384,366,2930,368,68,0,40,58,1202,142,0,0,0,0,1734,14,54,0,0,90,36,0,0,0,0,52,0,0,198,108,46,40,12800,1632,0,54,0,0,0,0.56,14,3630,948,186,72,196,128,54,0,0,0,0,0
1724,na,0,na,0,0,0,0,0,0,1822,6564,136478,47904,38,0,91556,0,94,0,0,0,161572,125596,99722,20276,0,0,0,0,0,0,0,0,0,0,0,0,56194,133726,2886,0,796,398,318,248,34884,153100,176,0,0,2886,125920,40636,13036,5554,2842,2374,796,1478,170,0,261524,0,322,294,48,91556,3036,56650,41936,na,na,na,na,na,na,na,na,97620,1724.52,261524,261524,251368,422,16102,24532,259640,192806,1209600,0,na,na,na,113491.2,0,75845.76,0,0,0,0,0,1860,65338,100782,21360,3048,418,0,na,0,261524,na,3450,122,292,14282,19684,100884,48678,5408,6,0,na,na,na,na,na,na,na,na,na,452,80,0,0,0,0,0,0,0,0,2460,328,96,0,0,3754,616,435700,52042,0,0,0,0,724750,307.46,362,83914,33922,9888,2666,4090,56708,322,216,950,130,0,0
702,0,28,28,0,0,0,0,0,27352,25144,8638,1792,0,0,0,14606,0,0,0,11708,17188,44058,45404,23772,4846,0,0,0,0,46,36,0,0,0,0,0,0,0,17920,45006,0,612,694,330,888,3362,19226,25146,8654,4014,0,34686,16718,5332,2216,2166,1140,564,96,8,0,79628,14,18,34,0,14606,624,10916,12782,na,na,na,na,na,na,na,na,23160,702.13,79628,79628,82076,233,0,7636,79000,63054,1209600,1590,2,14,0,41716.8,0,19399.68,18,72,0,1552,20978,11536,16860,11694,270,32,4,0,2,16,79628,0,2082,36,1078,1600,4004,21430,29884,2750,60,2,58,48,43958,2870,0,0,0,0,43958,226,158,0,0,0,0,0,0,0,0,816,18,24,0,0,856,192,177380,17768,0,0,0,0,0,189.2,132,22356,8632,4322,3210,8674,6386,4202,5112,32,0,0,0
6,0,4,4,0,0,0,0,0,0,3510,578,2062,0,0,0,590,0,0,0,0,0,8838,7570,9070,484,0,0,0,0,0,0,0,0,0,0,0,0,0,2140,4010,0,34,78,906,118,6,308,4700,0,0,0,5022,210,58,28,196,22,422,42,10,140,17932,0,2,0,0,590,100,7544,1516,na,na,na,na,na,na,na,na,8960,5.35,17932,17932,19622,23,0,1744,17820,6176,1209600,212,4,6,0,1037.76,0,4024.32,0,6,0,0,3188,554,1282,314,812,0,0,0,0,4,17932,0,1146,4,8,4,4,496,4086,394,8,0,2,0,1518,66,0,0,0,0,1586,28,242,0,0,0,0,0,0,0,0,136,0,0,0,0,34,8,2960,288,35616,10,0,0,0,0.64,26,5256,792,38,18,46,0,0,0,0,0,0,0
12,na,40,22,0,0,0,0,0,0,4174,2454,896,0,0,0,1746,0,0,0,1700,2636,4984,4884,11916,418,0,0,0,0,20,16,0,0,0,0,0,0,0,1306,6218,0,46,6,6,22,1380,6064,0,0,0,0,6010,570,312,78,70,132,352,0,0,0,18610,0,4,0,2,1746,124,9766,2134,na,na,na,na,na,na,na,na,11740,12.55,18610,18610,25056,23,0,1788,18440,7524,1209600,294,2,0,0,1748.16,0,4850.88,0,4,0,0,3486,2856,440,414,328,0,0,0,0,4,18610,na,966,14,12,18,86,892,4820,692,24,0,50,30,1842,38,0,0,0,0,2122,48,96,0,0,0,0,0,0,0,0,170,0,0,0,0,34,18,9100,904,0,0,0,0,0,36.86,36,5996,1198,98,42,42,38,34,76,0,0,0,0
34848,na,0,na,0,0,0,0,0,0,4550,493240,1640972,258468,866,0,1161042,820,0,0,0,0,2080936,1819308,444616,216148,0,0,0,0,0,0,0,0,0,0,0,13080,1416548,389166,579302,0,6278,2272,3818,9108,1056160,1318664,1784,12,0,0,1158704,403826,196832,130170,96750,100150,188216,123444,4,0,2525938,38,92,470,394,1161042,31650,174504,265320,171500,255620,na,na,na,na,na,na,11860,34847.91,2525938,2525938,2496204,13172,535150,6978,101520,2398096,1209600,0,na,na,na,1956121.92,0,436356.48,na,na,0,0,0,143318,1261276,877666,104326,10084,1420,6,na,0,2525938,na,3150,384,243074,192128,241850,1603626,108740,5140,4,0,na,na,na,na,na,na,na,na,na,1556,140,0,0,0,0,0,0,0,0,15992,30726,6442,0,0,102182,20536,2701900,646112,0,0,0,0,33847960,na,na,455936,356528,285208,160938,388136,360842,160344,79296,140622,10246,0,0
102430,na,2130706432,1194,0,0,0,0,0,0,6180,1698074,4088712,1037056,99802,586,2978806,0,0,0,0,0,5990588,5065232,1169400,810262,0,0,0,0,1290,380,0,0,0,0,0,0,3203072,939490,2787848,0,5836,4386,5282,146216,5182652,1585922,114,2,0,0,2286182,1940384,602242,399130,306924,271668,384970,736004,2906,0,7161120,218,272,1210,204,2978806,98160,544492,623092,192440,204820,198580,201520,209180,na,na,na,149840,102430.45,7161120,7161120,7168606,42379,13044,101580,1099580,6930410,1209600,197134,2,230,0,5681587.2,0,1240379.52,0,0,0,0,0,296948,2942652,2975518,623928,78136,12840,388,2,90,7161120,na,11646,1424,259958,837934,333174,4383902,1084474,17832,66,0,2428,1060,5551126,125626,0,56642,0,18,5751182,7476,228,0,0,0,0,0,0,0,0,52066,94710,41130,0,0,172038,35652,9564940,1073860,0,0,0,0,3683200,3651.84,3074,1314178,1165744,689590,327810,670542,705252,743418,985222,326044,2610,0,0
12,na,0,0,0,0,0,0,0,0,3992,1604,1690,0,0,0,2200,0,0,0,636,1190,11982,10390,6732,564,0,0,0,0,22,56,0,0,0,0,0,0,0,136,7150,0,54,18,24,38,914,6206,32,0,0,0,5854,688,44,226,64,18,244,148,0,0,19366,0,4,0,0,2200,154,4478,2244,na,na,na,na,na,na,na,na,6600,11.02,19366,19366,20870,23,0,1844,19180,7286,1209600,334,2,0,0,2392.32,10.56,4004.16,0,10,0,0,2160,3092,1096,648,290,0,0,0,0,8,19366,na,934,20,16,8,16,1956,3294,1024,18,0,0,108,2554,88,0,0,0,0,2880,50,246,0,0,0,16,0,0,0,0,168,0,0,820,154,48,12,12940,1296,20284,6,0,0,0,38.86,36,5206,1918,24,14,46,20,22,36,0,0,0,0
27234,0,172,na,0,0,0,0,0,491718,2339090,3060930,1128650,145202,602,0,2655054,0,94,0,227518,302368,7123068,6898868,760492,405248,0,0,0,0,486,1614,0,0,0,0,0,0,0,508146,6658046,0,2740,602,2482,2828,6218,5847180,625844,677788,510,0,5456578,982382,334288,169840,90200,57152,39316,26556,8780,1100,8111260,80,56,176,20,2655054,79678,143366,616100,98680,96780,98800,115300,135240,133780,na,na,77040,27234.6,8111260,8111260,7266948,7971,8652,83080,848020,7168048,1209600,0,na,na,na,3126240.96,2231537.28,2526531.84,34,258,0,135452,1074396,2116088,2438298,1108812,260252,30724,2154,16,na,80,8111260,0,3832,608,377548,4246630,740054,1530712,265334,1474,0,0,na,na,na,na,na,na,na,na,na,8160,124,0,0,1480,2333976,0,0,0,0,26920,0,0,0,0,0,0,0,0,0,0,0,0,7594480,1843.96,1148,4416482,1848568,695958,83690,55990,19398,24132,21974,0,0,0,0
313998,na,4514,174,0,0,0,0,0,0,52878,910678,494916,90900,1410,0,15966430,20234,0,0,581378,1003060,27242888,21417486,12029698,5405422,10,0,0,0,46088,1472,0,0,0,0,0,0,0,23158,1527624,0,844,278,496,960,2122,1546074,8,0,0,0,828846,487376,133002,45742,21462,13284,9324,7910,3230,606,39861924,2342,2704,3060,1108,15966430,750138,2374528,9639802,417580,439640,350240,393880,421400,364460,328460,322360,392460,313997.1,39861924,39861924,1781146,5119,2164,34456,1078860,1550782,1209600,1957248,0,36,0,24125882.88,4045032,9465556.8,0,320,0,0,2562,386868,902852,248548,7758,2046,148,0,1762,9726,39861924,na,1392,388,433276,92110,686512,337004,100,0,0,0,136,40,1050710,30208,0,120,0,0,1076686,101244,7908,0,0,870110,4527046,0,0,0,0,416604,34624,4896,63211590,9348482,1705944,356938,562820,59738,38651778,212450,0,0,1999670,702.7,798,541656,371542,243406,58270,100284,42162,73296,119788,378,0,0,0
41472,na,1182,914,0,0,0,0,0,0,3586,891946,2676656,795260,68790,556,1951836,0,0,0,0,0,3810578,3162838,934298,591706,0,0,0,0,1954,292,0,0,0,0,0,682760,3754034,0,0,0,1878,630,1240,445282,3089318,896328,2118,0,0,0,2162176,886006,298472,241470,253624,378842,216204,0,0,0,4745308,0,26,122,28,1951836,65060,469114,463606,205360,220240,309980,na,na,na,na,na,193680,41471.49,4745308,4745308,4753012,21473,194592,108032,1111240,4436794,1209600,150732,0,134,0,3442388.16,39640.32,951902.4,0,0,0,0,0,59806,948042,1768976,1466842,178906,12352,1870,6,10,4745308,na,4524,818,339848,670700,263970,2241670,895868,19276,120,0,1186,650,112438,31184,0,102254,0,496,3484726,4590,1228,0,0,1470,40384,0,0,0,0,32694,37310,6116,0,0,197604,26792,9086300,1678240,0,0,0,0,1773740,1294.46,1298,1036104,1710684,544408,245506,378132,218784,129036,82412,91618,110,0,0
